orderDate_SK,orderDate_NK,order_calendarYear,order_calendarQuarter,order_calendarMonth,order_calendarWeek,order_calendarDay,order_fiscalYear,order_fiscalQuarter,order_fiscalMonth,order_fiscalWeek,order_fiscalDay
1,2004-12-02,2004,4,12,1,02,2004,4,12,1,02
2,2004-12-04,2004,4,12,1,04,2004,4,12,1,04
3,2004-12-05,2004,4,12,1,05,2004,4,12,1,05
4,2004-12-06,2004,4,12,1,06,2004,4,12,1,06
5,2004-12-07,2004,4,12,1,07,2004,4,12,1,07
6,2004-12-08,2004,4,12,2,08,2004,4,12,2,08
7,2004-12-09,2004,4,12,2,09,2004,4,12,2,09
8,2004-12-10,2004,4,12,2,10,2004,4,12,2,10
9,2004-12-11,2004,4,12,2,11,2004,4,12,2,11
10,2004-12-12,2004,4,12,2,12,2004,4,12,2,12
11,2004-12-13,2004,4,12,2,13,2004,4,12,2,13
12,2004-12-14,2004,4,12,2,14,2004,4,12,2,14
13,2004-12-15,2004,4,12,3,15,2004,4,12,3,15
14,2004-12-16,2004,4,12,3,16,2004,4,12,3,16
15,2004-12-17,2004,4,12,3,17,2004,4,12,3,17
16,2004-12-18,2004,4,12,3,18,2004,4,12,3,18
17,2004-12-19,2004,4,12,3,19,2004,4,12,3,19
18,2004-12-20,2004,4,12,3,20,2004,4,12,3,20
19,2004-12-21,2004,4,12,3,21,2004,4,12,3,21
20,2004-12-22,2004,4,12,4,22,2004,4,12,4,22
21,2004-12-23,2004,4,12,4,23,2004,4,12,4,23
22,2004-12-24,2004,4,12,4,24,2004,4,12,4,24
23,2004-12-25,2004,4,12,4,25,2004,4,12,4,25
24,2004-12-26,2004,4,12,4,26,2004,4,12,4,26
25,2004-12-27,2004,4,12,4,27,2004,4,12,4,27
26,2004-12-28,2004,4,12,4,28,2004,4,12,4,28
27,2004-12-29,2004,4,12,5,29,2004,4,12,5,29
28,2004-12-30,2004,4,12,5,30,2004,4,12,5,30
29,2004-12-31,2004,4,12,5,31,2004,4,12,5,31
30,2005-01-01,2005,1,01,1,01,2005,1,01,1,01
31,2005-01-02,2005,1,01,1,02,2005,1,01,1,02
32,2005-01-03,2005,1,01,1,03,2005,1,01,1,03
33,2005-01-04,2005,1,01,1,04,2005,1,01,1,04
34,2005-01-05,2005,1,01,1,05,2005,1,01,1,05
35,2005-01-06,2005,1,01,1,06,2005,1,01,1,06
36,2005-01-07,2005,1,01,1,07,2005,1,01,1,07
37,2005-01-08,2005,1,01,2,08,2005,1,01,2,08
38,2005-01-09,2005,1,01,2,09,2005,1,01,2,09
39,2005-01-10,2005,1,01,2,10,2005,1,01,2,10
40,2005-01-11,2005,1,01,2,11,2005,1,01,2,11
41,2005-01-12,2005,1,01,2,12,2005,1,01,2,12
42,2005-01-13,2005,1,01,2,13,2005,1,01,2,13
43,2005-01-14,2005,1,01,2,14,2005,1,01,2,14
44,2005-01-15,2005,1,01,3,15,2005,1,01,3,15
45,2005-01-16,2005,1,01,3,16,2005,1,01,3,16
46,2005-01-17,2005,1,01,3,17,2005,1,01,3,17
47,2005-01-18,2005,1,01,3,18,2005,1,01,3,18
48,2005-01-19,2005,1,01,3,19,2005,1,01,3,19
49,2005-01-20,2005,1,01,3,20,2005,1,01,3,20
50,2005-01-21,2005,1,01,3,21,2005,1,01,3,21
51,2005-01-22,2005,1,01,4,22,2005,1,01,4,22
52,2005-01-23,2005,1,01,4,23,2005,1,01,4,23
53,2005-01-24,2005,1,01,4,24,2005,1,01,4,24
54,2005-01-25,2005,1,01,4,25,2005,1,01,4,25
55,2005-01-26,2005,1,01,4,26,2005,1,01,4,26
56,2005-01-27,2005,1,01,4,27,2005,1,01,4,27
57,2005-01-28,2005,1,01,4,28,2005,1,01,4,28
58,2005-01-29,2005,1,01,5,29,2005,1,01,5,29
59,2005-01-30,2005,1,01,5,30,2005,1,01,5,30
60,2005-01-31,2005,1,01,5,31,2005,1,01,5,31
61,2005-02-01,2005,1,02,1,01,2005,1,02,1,01
62,2005-02-02,2005,1,02,1,02,2005,1,02,1,02
63,2005-02-03,2005,1,02,1,03,2005,1,02,1,03
64,2005-02-04,2005,1,02,1,04,2005,1,02,1,04
65,2005-02-05,2005,1,02,1,05,2005,1,02,1,05
66,2005-02-06,2005,1,02,1,06,2005,1,02,1,06
67,2005-02-07,2005,1,02,1,07,2005,1,02,1,07
68,2005-02-08,2005,1,02,2,08,2005,1,02,2,08
69,2005-02-09,2005,1,02,2,09,2005,1,02,2,09
70,2005-02-10,2005,1,02,2,10,2005,1,02,2,10
71,2005-02-11,2005,1,02,2,11,2005,1,02,2,11
72,2005-02-12,2005,1,02,2,12,2005,1,02,2,12
73,2005-02-13,2005,1,02,2,13,2005,1,02,2,13
74,2005-02-14,2005,1,02,2,14,2005,1,02,2,14
75,2005-02-15,2005,1,02,3,15,2005,1,02,3,15
76,2005-02-16,2005,1,02,3,16,2005,1,02,3,16
77,2005-02-17,2005,1,02,3,17,2005,1,02,3,17
78,2005-02-18,2005,1,02,3,18,2005,1,02,3,18
79,2005-02-19,2005,1,02,3,19,2005,1,02,3,19
80,2005-02-20,2005,1,02,3,20,2005,1,02,3,20
81,2005-02-21,2005,1,02,3,21,2005,1,02,3,21
82,2005-02-22,2005,1,02,4,22,2005,1,02,4,22
83,2005-02-23,2005,1,02,4,23,2005,1,02,4,23
84,2005-02-24,2005,1,02,4,24,2005,1,02,4,24
85,2005-02-25,2005,1,02,4,25,2005,1,02,4,25
86,2005-02-26,2005,1,02,4,26,2005,1,02,4,26
87,2005-02-27,2005,1,02,4,27,2005,1,02,4,27
88,2005-02-28,2005,1,02,4,28,2005,1,02,4,28
89,2005-03-01,2005,1,03,1,01,2005,1,03,1,01
90,2005-03-02,2005,1,03,1,02,2005,1,03,1,02
91,2005-03-03,2005,1,03,1,03,2005,1,03,1,03
92,2005-03-04,2005,1,03,1,04,2005,1,03,1,04
93,2005-03-05,2005,1,03,1,05,2005,1,03,1,05
94,2005-03-06,2005,1,03,1,06,2005,1,03,1,06
95,2005-03-07,2005,1,03,1,07,2005,1,03,1,07
96,2005-03-08,2005,1,03,2,08,2005,1,03,2,08
97,2005-03-09,2005,1,03,2,09,2005,1,03,2,09
98,2005-03-10,2005,1,03,2,10,2005,1,03,2,10
99,2005-03-11,2005,1,03,2,11,2005,1,03,2,11
100,2005-03-12,2005,1,03,2,12,2005,1,03,2,12
101,2005-03-13,2005,1,03,2,13,2005,1,03,2,13
102,2005-03-14,2005,1,03,2,14,2005,1,03,2,14
103,2005-03-15,2005,1,03,3,15,2005,1,03,3,15
104,2005-03-16,2005,1,03,3,16,2005,1,03,3,16
105,2005-03-17,2005,1,03,3,17,2005,1,03,3,17
106,2005-03-18,2005,1,03,3,18,2005,1,03,3,18
107,2005-03-19,2005,1,03,3,19,2005,1,03,3,19
108,2005-03-20,2005,1,03,3,20,2005,1,03,3,20
109,2005-03-21,2005,1,03,3,21,2005,1,03,3,21
110,2005-03-22,2005,1,03,4,22,2005,1,03,4,22
111,2005-03-23,2005,1,03,4,23,2005,1,03,4,23
112,2005-03-24,2005,1,03,4,24,2005,1,03,4,24
113,2005-03-25,2005,1,03,4,25,2005,1,03,4,25
114,2005-03-26,2005,1,03,4,26,2005,1,03,4,26
115,2005-03-27,2005,1,03,4,27,2005,1,03,4,27
116,2005-03-28,2005,1,03,4,28,2005,1,03,4,28
117,2005-03-29,2005,1,03,5,29,2005,1,03,5,29
118,2005-03-30,2005,1,03,5,30,2005,1,03,5,30
119,2005-03-31,2005,1,03,5,31,2005,1,03,5,31
120,2005-04-01,2005,2,04,1,01,2005,2,04,1,01
121,2005-04-02,2005,2,04,1,02,2005,2,04,1,02
122,2005-04-03,2005,2,04,1,03,2005,2,04,1,03
123,2005-04-04,2005,2,04,1,04,2005,2,04,1,04
124,2005-04-05,2005,2,04,1,05,2005,2,04,1,05
125,2005-04-06,2005,2,04,1,06,2005,2,04,1,06
126,2005-04-07,2005,2,04,1,07,2005,2,04,1,07
127,2005-04-08,2005,2,04,2,08,2005,2,04,2,08
128,2005-04-09,2005,2,04,2,09,2005,2,04,2,09
129,2005-04-10,2005,2,04,2,10,2005,2,04,2,10
130,2005-04-11,2005,2,04,2,11,2005,2,04,2,11
131,2005-04-12,2005,2,04,2,12,2005,2,04,2,12
132,2005-04-13,2005,2,04,2,13,2005,2,04,2,13
133,2005-04-14,2005,2,04,2,14,2005,2,04,2,14
134,2005-04-15,2005,2,04,3,15,2005,2,04,3,15
135,2005-04-16,2005,2,04,3,16,2005,2,04,3,16
136,2005-04-17,2005,2,04,3,17,2005,2,04,3,17
137,2005-04-18,2005,2,04,3,18,2005,2,04,3,18
138,2005-04-19,2005,2,04,3,19,2005,2,04,3,19
139,2005-04-20,2005,2,04,3,20,2005,2,04,3,20
140,2005-04-21,2005,2,04,3,21,2005,2,04,3,21
141,2005-04-22,2005,2,04,4,22,2005,2,04,4,22
142,2005-04-23,2005,2,04,4,23,2005,2,04,4,23
143,2005-04-24,2005,2,04,4,24,2005,2,04,4,24
144,2005-04-25,2005,2,04,4,25,2005,2,04,4,25
145,2005-04-26,2005,2,04,4,26,2005,2,04,4,26
146,2005-04-27,2005,2,04,4,27,2005,2,04,4,27
147,2005-04-28,2005,2,04,4,28,2005,2,04,4,28
148,2005-04-29,2005,2,04,5,29,2005,2,04,5,29
149,2005-04-30,2005,2,04,5,30,2005,2,04,5,30
150,2005-05-01,2005,2,05,1,01,2005,2,05,1,01
151,2005-05-02,2005,2,05,1,02,2005,2,05,1,02
152,2005-05-03,2005,2,05,1,03,2005,2,05,1,03
153,2005-05-04,2005,2,05,1,04,2005,2,05,1,04
154,2005-05-05,2005,2,05,1,05,2005,2,05,1,05
155,2005-05-06,2005,2,05,1,06,2005,2,05,1,06
156,2005-05-07,2005,2,05,1,07,2005,2,05,1,07
157,2005-05-08,2005,2,05,2,08,2005,2,05,2,08
158,2005-05-09,2005,2,05,2,09,2005,2,05,2,09
159,2005-05-10,2005,2,05,2,10,2005,2,05,2,10
160,2005-05-11,2005,2,05,2,11,2005,2,05,2,11
161,2005-05-12,2005,2,05,2,12,2005,2,05,2,12
162,2005-05-13,2005,2,05,2,13,2005,2,05,2,13
163,2005-05-14,2005,2,05,2,14,2005,2,05,2,14
164,2005-05-15,2005,2,05,3,15,2005,2,05,3,15
165,2005-05-16,2005,2,05,3,16,2005,2,05,3,16
166,2005-05-17,2005,2,05,3,17,2005,2,05,3,17
167,2005-05-18,2005,2,05,3,18,2005,2,05,3,18
168,2005-05-19,2005,2,05,3,19,2005,2,05,3,19
169,2005-05-20,2005,2,05,3,20,2005,2,05,3,20
170,2005-05-21,2005,2,05,3,21,2005,2,05,3,21
171,2005-05-22,2005,2,05,4,22,2005,2,05,4,22
172,2005-05-23,2005,2,05,4,23,2005,2,05,4,23
173,2005-05-24,2005,2,05,4,24,2005,2,05,4,24
174,2005-05-25,2005,2,05,4,25,2005,2,05,4,25
175,2005-05-26,2005,2,05,4,26,2005,2,05,4,26
176,2005-05-27,2005,2,05,4,27,2005,2,05,4,27
177,2005-05-28,2005,2,05,4,28,2005,2,05,4,28
178,2005-05-29,2005,2,05,5,29,2005,2,05,5,29
179,2005-05-30,2005,2,05,5,30,2005,2,05,5,30
180,2005-05-31,2005,2,05,5,31,2005,2,05,5,31
181,2005-06-01,2005,2,06,1,01,2005,2,06,1,01
182,2005-06-02,2005,2,06,1,02,2005,2,06,1,02
183,2005-06-03,2005,2,06,1,03,2005,2,06,1,03
184,2005-06-04,2005,2,06,1,04,2005,2,06,1,04
185,2005-06-05,2005,2,06,1,05,2005,2,06,1,05
186,2005-06-06,2005,2,06,1,06,2005,2,06,1,06
187,2005-06-07,2005,2,06,1,07,2005,2,06,1,07
188,2005-06-08,2005,2,06,2,08,2005,2,06,2,08
189,2005-06-09,2005,2,06,2,09,2005,2,06,2,09
190,2005-06-10,2005,2,06,2,10,2005,2,06,2,10
191,2005-06-11,2005,2,06,2,11,2005,2,06,2,11
192,2005-06-12,2005,2,06,2,12,2005,2,06,2,12
193,2005-06-13,2005,2,06,2,13,2005,2,06,2,13
194,2005-06-14,2005,2,06,2,14,2005,2,06,2,14
195,2005-06-15,2005,2,06,3,15,2005,2,06,3,15
196,2005-06-16,2005,2,06,3,16,2005,2,06,3,16
197,2005-06-17,2005,2,06,3,17,2005,2,06,3,17
198,2005-06-18,2005,2,06,3,18,2005,2,06,3,18
199,2005-06-19,2005,2,06,3,19,2005,2,06,3,19
200,2005-06-20,2005,2,06,3,20,2005,2,06,3,20
201,2005-06-21,2005,2,06,3,21,2005,2,06,3,21
202,2005-06-22,2005,2,06,4,22,2005,2,06,4,22
203,2005-06-23,2005,2,06,4,23,2005,2,06,4,23
204,2005-06-24,2005,2,06,4,24,2005,2,06,4,24
205,2005-06-25,2005,2,06,4,25,2005,2,06,4,25
206,2005-06-26,2005,2,06,4,26,2005,2,06,4,26
207,2005-06-27,2005,2,06,4,27,2005,2,06,4,27
208,2005-06-28,2005,2,06,4,28,2005,2,06,4,28
209,2005-06-29,2005,2,06,5,29,2005,2,06,5,29
210,2005-06-30,2005,2,06,5,30,2005,2,06,5,30
211,2005-07-01,2005,3,07,1,01,2005,3,07,1,01
212,2005-07-02,2005,3,07,1,02,2005,3,07,1,02
213,2005-07-03,2005,3,07,1,03,2005,3,07,1,03
214,2005-07-04,2005,3,07,1,04,2005,3,07,1,04
215,2005-07-05,2005,3,07,1,05,2005,3,07,1,05
216,2005-07-06,2005,3,07,1,06,2005,3,07,1,06
217,2005-07-07,2005,3,07,1,07,2005,3,07,1,07
218,2005-07-08,2005,3,07,2,08,2005,3,07,2,08
219,2005-07-09,2005,3,07,2,09,2005,3,07,2,09
220,2005-07-10,2005,3,07,2,10,2005,3,07,2,10
221,2005-07-11,2005,3,07,2,11,2005,3,07,2,11
222,2005-07-12,2005,3,07,2,12,2005,3,07,2,12
223,2005-07-13,2005,3,07,2,13,2005,3,07,2,13
224,2005-07-14,2005,3,07,2,14,2005,3,07,2,14
225,2005-07-15,2005,3,07,3,15,2005,3,07,3,15
226,2005-07-16,2005,3,07,3,16,2005,3,07,3,16
227,2005-07-17,2005,3,07,3,17,2005,3,07,3,17
228,2005-07-18,2005,3,07,3,18,2005,3,07,3,18
229,2005-07-19,2005,3,07,3,19,2005,3,07,3,19
230,2005-07-20,2005,3,07,3,20,2005,3,07,3,20
231,2005-07-21,2005,3,07,3,21,2005,3,07,3,21
232,2005-07-22,2005,3,07,4,22,2005,3,07,4,22
233,2005-07-23,2005,3,07,4,23,2005,3,07,4,23
234,2005-07-24,2005,3,07,4,24,2005,3,07,4,24
235,2005-07-25,2005,3,07,4,25,2005,3,07,4,25
236,2005-07-26,2005,3,07,4,26,2005,3,07,4,26
237,2005-07-27,2005,3,07,4,27,2005,3,07,4,27
238,2005-07-28,2005,3,07,4,28,2005,3,07,4,28
239,2005-07-29,2005,3,07,5,29,2005,3,07,5,29
240,2005-07-30,2005,3,07,5,30,2005,3,07,5,30
241,2005-07-31,2005,3,07,5,31,2005,3,07,5,31
242,2005-08-01,2005,3,08,1,01,2005,3,08,1,01
243,2005-08-02,2005,3,08,1,02,2005,3,08,1,02
244,2005-08-03,2005,3,08,1,03,2005,3,08,1,03
245,2005-08-04,2005,3,08,1,04,2005,3,08,1,04
246,2005-08-05,2005,3,08,1,05,2005,3,08,1,05
247,2005-08-06,2005,3,08,1,06,2005,3,08,1,06
248,2005-08-07,2005,3,08,1,07,2005,3,08,1,07
249,2005-08-08,2005,3,08,2,08,2005,3,08,2,08
250,2005-08-09,2005,3,08,2,09,2005,3,08,2,09
251,2005-08-10,2005,3,08,2,10,2005,3,08,2,10
252,2005-08-11,2005,3,08,2,11,2005,3,08,2,11
253,2005-08-12,2005,3,08,2,12,2005,3,08,2,12
254,2005-08-13,2005,3,08,2,13,2005,3,08,2,13
255,2005-08-14,2005,3,08,2,14,2005,3,08,2,14
256,2005-08-15,2005,3,08,3,15,2005,3,08,3,15
257,2005-08-16,2005,3,08,3,16,2005,3,08,3,16
258,2005-08-17,2005,3,08,3,17,2005,3,08,3,17
259,2005-08-18,2005,3,08,3,18,2005,3,08,3,18
260,2005-08-19,2005,3,08,3,19,2005,3,08,3,19
261,2005-08-20,2005,3,08,3,20,2005,3,08,3,20
262,2005-08-21,2005,3,08,3,21,2005,3,08,3,21
263,2005-08-22,2005,3,08,4,22,2005,3,08,4,22
264,2005-08-23,2005,3,08,4,23,2005,3,08,4,23
265,2005-08-24,2005,3,08,4,24,2005,3,08,4,24
266,2005-08-25,2005,3,08,4,25,2005,3,08,4,25
267,2005-08-26,2005,3,08,4,26,2005,3,08,4,26
268,2005-08-27,2005,3,08,4,27,2005,3,08,4,27
269,2005-08-28,2005,3,08,4,28,2005,3,08,4,28
270,2005-08-29,2005,3,08,5,29,2005,3,08,5,29
271,2005-08-30,2005,3,08,5,30,2005,3,08,5,30
272,2005-08-31,2005,3,08,5,31,2005,3,08,5,31
273,2005-09-01,2005,3,09,1,01,2005,3,09,1,01
274,2005-09-02,2005,3,09,1,02,2005,3,09,1,02
275,2005-09-03,2005,3,09,1,03,2005,3,09,1,03
276,2005-09-04,2005,3,09,1,04,2005,3,09,1,04
277,2005-09-05,2005,3,09,1,05,2005,3,09,1,05
278,2005-09-06,2005,3,09,1,06,2005,3,09,1,06
279,2005-09-07,2005,3,09,1,07,2005,3,09,1,07
280,2005-09-08,2005,3,09,2,08,2005,3,09,2,08
281,2005-09-09,2005,3,09,2,09,2005,3,09,2,09
282,2005-09-10,2005,3,09,2,10,2005,3,09,2,10
283,2005-09-11,2005,3,09,2,11,2005,3,09,2,11
284,2005-09-12,2005,3,09,2,12,2005,3,09,2,12
285,2005-09-13,2005,3,09,2,13,2005,3,09,2,13
286,2005-09-14,2005,3,09,2,14,2005,3,09,2,14
287,2005-09-15,2005,3,09,3,15,2005,3,09,3,15
288,2005-09-16,2005,3,09,3,16,2005,3,09,3,16
289,2005-09-17,2005,3,09,3,17,2005,3,09,3,17
290,2005-09-18,2005,3,09,3,18,2005,3,09,3,18
291,2005-09-19,2005,3,09,3,19,2005,3,09,3,19
292,2005-09-20,2005,3,09,3,20,2005,3,09,3,20
293,2005-09-21,2005,3,09,3,21,2005,3,09,3,21
294,2005-09-22,2005,3,09,4,22,2005,3,09,4,22
295,2005-09-23,2005,3,09,4,23,2005,3,09,4,23
296,2005-09-24,2005,3,09,4,24,2005,3,09,4,24
297,2005-09-25,2005,3,09,4,25,2005,3,09,4,25
298,2005-09-26,2005,3,09,4,26,2005,3,09,4,26
299,2005-09-27,2005,3,09,4,27,2005,3,09,4,27
300,2005-09-28,2005,3,09,4,28,2005,3,09,4,28
301,2005-09-29,2005,3,09,5,29,2005,3,09,5,29
302,2005-09-30,2005,3,09,5,30,2005,3,09,5,30
303,2005-10-01,2005,4,10,1,01,2005,4,10,1,01
304,2005-10-02,2005,4,10,1,02,2005,4,10,1,02
305,2005-10-03,2005,4,10,1,03,2005,4,10,1,03
306,2005-10-04,2005,4,10,1,04,2005,4,10,1,04
307,2005-10-05,2005,4,10,1,05,2005,4,10,1,05
308,2005-10-06,2005,4,10,1,06,2005,4,10,1,06
309,2005-10-07,2005,4,10,1,07,2005,4,10,1,07
310,2005-10-08,2005,4,10,2,08,2005,4,10,2,08
311,2005-10-09,2005,4,10,2,09,2005,4,10,2,09
312,2005-10-10,2005,4,10,2,10,2005,4,10,2,10
313,2005-10-11,2005,4,10,2,11,2005,4,10,2,11
314,2005-10-12,2005,4,10,2,12,2005,4,10,2,12
315,2005-10-13,2005,4,10,2,13,2005,4,10,2,13
316,2005-10-14,2005,4,10,2,14,2005,4,10,2,14
317,2005-10-15,2005,4,10,3,15,2005,4,10,3,15
318,2005-10-16,2005,4,10,3,16,2005,4,10,3,16
319,2005-10-17,2005,4,10,3,17,2005,4,10,3,17
320,2005-10-18,2005,4,10,3,18,2005,4,10,3,18
321,2005-10-19,2005,4,10,3,19,2005,4,10,3,19
322,2005-10-20,2005,4,10,3,20,2005,4,10,3,20
323,2005-10-21,2005,4,10,3,21,2005,4,10,3,21
324,2005-10-22,2005,4,10,4,22,2005,4,10,4,22
325,2005-10-23,2005,4,10,4,23,2005,4,10,4,23
326,2005-10-24,2005,4,10,4,24,2005,4,10,4,24
327,2005-10-25,2005,4,10,4,25,2005,4,10,4,25
328,2005-10-26,2005,4,10,4,26,2005,4,10,4,26
329,2005-10-27,2005,4,10,4,27,2005,4,10,4,27
330,2005-10-28,2005,4,10,4,28,2005,4,10,4,28
331,2005-10-29,2005,4,10,5,29,2005,4,10,5,29
332,2005-10-30,2005,4,10,5,30,2005,4,10,5,30
333,2005-10-31,2005,4,10,5,31,2005,4,10,5,31
334,2005-11-01,2005,4,11,1,01,2005,4,11,1,01
335,2005-11-02,2005,4,11,1,02,2005,4,11,1,02
336,2005-11-03,2005,4,11,1,03,2005,4,11,1,03
337,2005-11-04,2005,4,11,1,04,2005,4,11,1,04
338,2005-11-05,2005,4,11,1,05,2005,4,11,1,05
339,2005-11-06,2005,4,11,1,06,2005,4,11,1,06
340,2005-11-07,2005,4,11,1,07,2005,4,11,1,07
341,2005-11-08,2005,4,11,2,08,2005,4,11,2,08
342,2005-11-09,2005,4,11,2,09,2005,4,11,2,09
343,2005-11-10,2005,4,11,2,10,2005,4,11,2,10
344,2005-11-11,2005,4,11,2,11,2005,4,11,2,11
345,2005-11-12,2005,4,11,2,12,2005,4,11,2,12
346,2005-11-13,2005,4,11,2,13,2005,4,11,2,13
347,2005-11-14,2005,4,11,2,14,2005,4,11,2,14
348,2005-11-15,2005,4,11,3,15,2005,4,11,3,15
349,2005-11-16,2005,4,11,3,16,2005,4,11,3,16
350,2005-11-17,2005,4,11,3,17,2005,4,11,3,17
351,2005-11-18,2005,4,11,3,18,2005,4,11,3,18
352,2005-11-19,2005,4,11,3,19,2005,4,11,3,19
353,2005-11-20,2005,4,11,3,20,2005,4,11,3,20
354,2005-11-21,2005,4,11,3,21,2005,4,11,3,21
355,2005-11-22,2005,4,11,4,22,2005,4,11,4,22
356,2005-11-23,2005,4,11,4,23,2005,4,11,4,23
357,2005-11-24,2005,4,11,4,24,2005,4,11,4,24
358,2005-11-25,2005,4,11,4,25,2005,4,11,4,25
359,2005-11-26,2005,4,11,4,26,2005,4,11,4,26
360,2005-11-27,2005,4,11,4,27,2005,4,11,4,27
361,2005-11-28,2005,4,11,4,28,2005,4,11,4,28
362,2005-11-29,2005,4,11,5,29,2005,4,11,5,29
363,2005-11-30,2005,4,11,5,30,2005,4,11,5,30
364,2005-12-01,2005,4,12,1,01,2005,4,12,1,01
365,2005-12-02,2005,4,12,1,02,2005,4,12,1,02
366,2005-12-03,2005,4,12,1,03,2005,4,12,1,03
367,2005-12-04,2005,4,12,1,04,2005,4,12,1,04
368,2005-12-05,2005,4,12,1,05,2005,4,12,1,05
369,2005-12-06,2005,4,12,1,06,2005,4,12,1,06
370,2005-12-07,2005,4,12,1,07,2005,4,12,1,07
371,2005-12-08,2005,4,12,2,08,2005,4,12,2,08
372,2005-12-09,2005,4,12,2,09,2005,4,12,2,09
373,2005-12-10,2005,4,12,2,10,2005,4,12,2,10
374,2005-12-11,2005,4,12,2,11,2005,4,12,2,11
375,2005-12-12,2005,4,12,2,12,2005,4,12,2,12
376,2005-12-13,2005,4,12,2,13,2005,4,12,2,13
377,2005-12-14,2005,4,12,2,14,2005,4,12,2,14
378,2005-12-15,2005,4,12,3,15,2005,4,12,3,15
379,2005-12-16,2005,4,12,3,16,2005,4,12,3,16
380,2005-12-17,2005,4,12,3,17,2005,4,12,3,17
381,2005-12-18,2005,4,12,3,18,2005,4,12,3,18
382,2005-12-19,2005,4,12,3,19,2005,4,12,3,19
383,2005-12-20,2005,4,12,3,20,2005,4,12,3,20
384,2005-12-21,2005,4,12,3,21,2005,4,12,3,21
385,2005-12-22,2005,4,12,4,22,2005,4,12,4,22
386,2005-12-23,2005,4,12,4,23,2005,4,12,4,23
387,2005-12-24,2005,4,12,4,24,2005,4,12,4,24
388,2005-12-25,2005,4,12,4,25,2005,4,12,4,25
389,2005-12-26,2005,4,12,4,26,2005,4,12,4,26
390,2005-12-27,2005,4,12,4,27,2005,4,12,4,27
391,2005-12-28,2005,4,12,4,28,2005,4,12,4,28
392,2005-12-29,2005,4,12,5,29,2005,4,12,5,29
393,2005-12-30,2005,4,12,5,30,2005,4,12,5,30
394,2005-12-31,2005,4,12,5,31,2005,4,12,5,31
395,2006-01-01,2006,1,01,1,01,2006,1,01,1,01
396,2006-01-02,2006,1,01,1,02,2006,1,01,1,02
397,2006-01-03,2006,1,01,1,03,2006,1,01,1,03
398,2006-01-04,2006,1,01,1,04,2006,1,01,1,04
399,2006-01-05,2006,1,01,1,05,2006,1,01,1,05
400,2006-01-06,2006,1,01,1,06,2006,1,01,1,06
401,2006-01-07,2006,1,01,1,07,2006,1,01,1,07
402,2006-01-08,2006,1,01,2,08,2006,1,01,2,08
403,2006-01-09,2006,1,01,2,09,2006,1,01,2,09
404,2006-01-10,2006,1,01,2,10,2006,1,01,2,10
405,2006-01-11,2006,1,01,2,11,2006,1,01,2,11
406,2006-01-12,2006,1,01,2,12,2006,1,01,2,12
407,2006-01-13,2006,1,01,2,13,2006,1,01,2,13
408,2006-01-14,2006,1,01,2,14,2006,1,01,2,14
409,2006-01-15,2006,1,01,3,15,2006,1,01,3,15
410,2006-01-16,2006,1,01,3,16,2006,1,01,3,16
411,2006-01-17,2006,1,01,3,17,2006,1,01,3,17
412,2006-01-18,2006,1,01,3,18,2006,1,01,3,18
413,2006-01-19,2006,1,01,3,19,2006,1,01,3,19
414,2006-01-20,2006,1,01,3,20,2006,1,01,3,20
415,2006-01-21,2006,1,01,3,21,2006,1,01,3,21
416,2006-01-22,2006,1,01,4,22,2006,1,01,4,22
417,2006-01-23,2006,1,01,4,23,2006,1,01,4,23
418,2006-01-24,2006,1,01,4,24,2006,1,01,4,24
419,2006-01-25,2006,1,01,4,25,2006,1,01,4,25
420,2006-01-26,2006,1,01,4,26,2006,1,01,4,26
421,2006-01-27,2006,1,01,4,27,2006,1,01,4,27
422,2006-01-28,2006,1,01,4,28,2006,1,01,4,28
423,2006-01-29,2006,1,01,5,29,2006,1,01,5,29
424,2006-01-30,2006,1,01,5,30,2006,1,01,5,30
425,2006-01-31,2006,1,01,5,31,2006,1,01,5,31
426,2006-02-01,2006,1,02,1,01,2006,1,02,1,01
427,2006-02-02,2006,1,02,1,02,2006,1,02,1,02
428,2006-02-03,2006,1,02,1,03,2006,1,02,1,03
429,2006-02-04,2006,1,02,1,04,2006,1,02,1,04
430,2006-02-05,2006,1,02,1,05,2006,1,02,1,05
431,2006-02-06,2006,1,02,1,06,2006,1,02,1,06
432,2006-02-07,2006,1,02,1,07,2006,1,02,1,07
433,2006-02-08,2006,1,02,2,08,2006,1,02,2,08
434,2006-02-09,2006,1,02,2,09,2006,1,02,2,09
435,2006-02-10,2006,1,02,2,10,2006,1,02,2,10
436,2006-02-11,2006,1,02,2,11,2006,1,02,2,11
437,2006-02-12,2006,1,02,2,12,2006,1,02,2,12
438,2006-02-13,2006,1,02,2,13,2006,1,02,2,13
439,2006-02-14,2006,1,02,2,14,2006,1,02,2,14
440,2006-02-15,2006,1,02,3,15,2006,1,02,3,15
441,2006-02-16,2006,1,02,3,16,2006,1,02,3,16
442,2006-02-17,2006,1,02,3,17,2006,1,02,3,17
443,2006-02-18,2006,1,02,3,18,2006,1,02,3,18
444,2006-02-19,2006,1,02,3,19,2006,1,02,3,19
445,2006-02-20,2006,1,02,3,20,2006,1,02,3,20
446,2006-02-21,2006,1,02,3,21,2006,1,02,3,21
447,2006-02-22,2006,1,02,4,22,2006,1,02,4,22
448,2006-02-23,2006,1,02,4,23,2006,1,02,4,23
449,2006-02-24,2006,1,02,4,24,2006,1,02,4,24
450,2006-02-25,2006,1,02,4,25,2006,1,02,4,25
451,2006-02-26,2006,1,02,4,26,2006,1,02,4,26
452,2006-02-27,2006,1,02,4,27,2006,1,02,4,27
453,2006-02-28,2006,1,02,4,28,2006,1,02,4,28
454,2006-03-01,2006,1,03,1,01,2006,1,03,1,01
455,2006-03-02,2006,1,03,1,02,2006,1,03,1,02
456,2006-03-03,2006,1,03,1,03,2006,1,03,1,03
457,2006-03-04,2006,1,03,1,04,2006,1,03,1,04
458,2006-03-05,2006,1,03,1,05,2006,1,03,1,05
459,2006-03-06,2006,1,03,1,06,2006,1,03,1,06
460,2006-03-07,2006,1,03,1,07,2006,1,03,1,07
461,2006-03-08,2006,1,03,2,08,2006,1,03,2,08
462,2006-03-09,2006,1,03,2,09,2006,1,03,2,09
463,2006-03-10,2006,1,03,2,10,2006,1,03,2,10
464,2006-03-11,2006,1,03,2,11,2006,1,03,2,11
465,2006-03-12,2006,1,03,2,12,2006,1,03,2,12
466,2006-03-13,2006,1,03,2,13,2006,1,03,2,13
467,2006-03-14,2006,1,03,2,14,2006,1,03,2,14
468,2006-03-15,2006,1,03,3,15,2006,1,03,3,15
469,2006-03-16,2006,1,03,3,16,2006,1,03,3,16
470,2006-03-17,2006,1,03,3,17,2006,1,03,3,17
471,2006-03-18,2006,1,03,3,18,2006,1,03,3,18
472,2006-03-19,2006,1,03,3,19,2006,1,03,3,19
473,2006-03-20,2006,1,03,3,20,2006,1,03,3,20
474,2006-03-21,2006,1,03,3,21,2006,1,03,3,21
475,2006-03-22,2006,1,03,4,22,2006,1,03,4,22
476,2006-03-23,2006,1,03,4,23,2006,1,03,4,23
477,2006-03-24,2006,1,03,4,24,2006,1,03,4,24
478,2006-03-25,2006,1,03,4,25,2006,1,03,4,25
479,2006-03-26,2006,1,03,4,26,2006,1,03,4,26
480,2006-03-27,2006,1,03,4,27,2006,1,03,4,27
481,2006-03-28,2006,1,03,4,28,2006,1,03,4,28
482,2006-03-29,2006,1,03,5,29,2006,1,03,5,29
483,2006-03-30,2006,1,03,5,30,2006,1,03,5,30
484,2006-03-31,2006,1,03,5,31,2006,1,03,5,31
485,2006-04-01,2006,2,04,1,01,2006,2,04,1,01
486,2006-04-02,2006,2,04,1,02,2006,2,04,1,02
487,2006-04-03,2006,2,04,1,03,2006,2,04,1,03
488,2006-04-04,2006,2,04,1,04,2006,2,04,1,04
489,2006-04-05,2006,2,04,1,05,2006,2,04,1,05
490,2006-04-06,2006,2,04,1,06,2006,2,04,1,06
491,2006-04-07,2006,2,04,1,07,2006,2,04,1,07
492,2006-04-08,2006,2,04,2,08,2006,2,04,2,08
493,2006-04-09,2006,2,04,2,09,2006,2,04,2,09
494,2006-04-10,2006,2,04,2,10,2006,2,04,2,10
495,2006-04-11,2006,2,04,2,11,2006,2,04,2,11
496,2006-04-12,2006,2,04,2,12,2006,2,04,2,12
497,2006-04-13,2006,2,04,2,13,2006,2,04,2,13
498,2006-04-14,2006,2,04,2,14,2006,2,04,2,14
499,2006-04-15,2006,2,04,3,15,2006,2,04,3,15
500,2006-04-16,2006,2,04,3,16,2006,2,04,3,16
501,2006-04-17,2006,2,04,3,17,2006,2,04,3,17
502,2006-04-18,2006,2,04,3,18,2006,2,04,3,18
503,2006-04-19,2006,2,04,3,19,2006,2,04,3,19
504,2006-04-20,2006,2,04,3,20,2006,2,04,3,20
505,2006-04-21,2006,2,04,3,21,2006,2,04,3,21
506,2006-04-22,2006,2,04,4,22,2006,2,04,4,22
507,2006-04-23,2006,2,04,4,23,2006,2,04,4,23
508,2006-04-24,2006,2,04,4,24,2006,2,04,4,24
509,2006-04-25,2006,2,04,4,25,2006,2,04,4,25
510,2006-04-26,2006,2,04,4,26,2006,2,04,4,26
511,2006-04-27,2006,2,04,4,27,2006,2,04,4,27
512,2006-04-28,2006,2,04,4,28,2006,2,04,4,28
513,2006-04-29,2006,2,04,5,29,2006,2,04,5,29
514,2006-04-30,2006,2,04,5,30,2006,2,04,5,30
515,2006-05-01,2006,2,05,1,01,2006,2,05,1,01
516,2006-05-02,2006,2,05,1,02,2006,2,05,1,02
517,2006-05-03,2006,2,05,1,03,2006,2,05,1,03
518,2006-05-04,2006,2,05,1,04,2006,2,05,1,04
519,2006-05-05,2006,2,05,1,05,2006,2,05,1,05
520,2006-05-06,2006,2,05,1,06,2006,2,05,1,06
521,2006-05-07,2006,2,05,1,07,2006,2,05,1,07
522,2006-05-08,2006,2,05,2,08,2006,2,05,2,08
523,2006-05-09,2006,2,05,2,09,2006,2,05,2,09
524,2006-05-10,2006,2,05,2,10,2006,2,05,2,10
525,2006-05-11,2006,2,05,2,11,2006,2,05,2,11
526,2006-05-12,2006,2,05,2,12,2006,2,05,2,12
527,2006-05-13,2006,2,05,2,13,2006,2,05,2,13
528,2006-05-14,2006,2,05,2,14,2006,2,05,2,14
529,2006-05-15,2006,2,05,3,15,2006,2,05,3,15
530,2006-05-16,2006,2,05,3,16,2006,2,05,3,16
531,2006-05-17,2006,2,05,3,17,2006,2,05,3,17
532,2006-05-18,2006,2,05,3,18,2006,2,05,3,18
533,2006-05-19,2006,2,05,3,19,2006,2,05,3,19
534,2006-05-20,2006,2,05,3,20,2006,2,05,3,20
535,2006-05-21,2006,2,05,3,21,2006,2,05,3,21
536,2006-05-22,2006,2,05,4,22,2006,2,05,4,22
537,2006-05-23,2006,2,05,4,23,2006,2,05,4,23
538,2006-05-24,2006,2,05,4,24,2006,2,05,4,24
539,2006-05-25,2006,2,05,4,25,2006,2,05,4,25
540,2006-05-26,2006,2,05,4,26,2006,2,05,4,26
541,2006-05-27,2006,2,05,4,27,2006,2,05,4,27
542,2006-05-28,2006,2,05,4,28,2006,2,05,4,28
543,2006-05-29,2006,2,05,5,29,2006,2,05,5,29
544,2006-05-30,2006,2,05,5,30,2006,2,05,5,30
545,2006-05-31,2006,2,05,5,31,2006,2,05,5,31
546,2006-06-01,2006,2,06,1,01,2006,2,06,1,01
547,2006-06-02,2006,2,06,1,02,2006,2,06,1,02
548,2006-06-03,2006,2,06,1,03,2006,2,06,1,03
549,2006-06-04,2006,2,06,1,04,2006,2,06,1,04
550,2006-06-05,2006,2,06,1,05,2006,2,06,1,05
551,2006-06-06,2006,2,06,1,06,2006,2,06,1,06
552,2006-06-07,2006,2,06,1,07,2006,2,06,1,07
553,2006-06-08,2006,2,06,2,08,2006,2,06,2,08
554,2006-06-09,2006,2,06,2,09,2006,2,06,2,09
555,2006-06-10,2006,2,06,2,10,2006,2,06,2,10
556,2006-06-11,2006,2,06,2,11,2006,2,06,2,11
557,2006-06-12,2006,2,06,2,12,2006,2,06,2,12
558,2006-06-13,2006,2,06,2,13,2006,2,06,2,13
559,2006-06-14,2006,2,06,2,14,2006,2,06,2,14
560,2006-06-15,2006,2,06,3,15,2006,2,06,3,15
561,2006-06-16,2006,2,06,3,16,2006,2,06,3,16
562,2006-06-17,2006,2,06,3,17,2006,2,06,3,17
563,2006-06-18,2006,2,06,3,18,2006,2,06,3,18
564,2006-06-19,2006,2,06,3,19,2006,2,06,3,19
565,2006-06-20,2006,2,06,3,20,2006,2,06,3,20
566,2006-06-21,2006,2,06,3,21,2006,2,06,3,21
567,2006-06-22,2006,2,06,4,22,2006,2,06,4,22
568,2006-06-23,2006,2,06,4,23,2006,2,06,4,23
569,2006-06-24,2006,2,06,4,24,2006,2,06,4,24
570,2006-06-25,2006,2,06,4,25,2006,2,06,4,25
571,2006-06-26,2006,2,06,4,26,2006,2,06,4,26
572,2006-06-27,2006,2,06,4,27,2006,2,06,4,27
573,2006-06-28,2006,2,06,4,28,2006,2,06,4,28
574,2006-06-29,2006,2,06,5,29,2006,2,06,5,29
575,2006-06-30,2006,2,06,5,30,2006,2,06,5,30
576,2006-07-01,2006,3,07,1,01,2006,3,07,1,01
577,2006-07-02,2006,3,07,1,02,2006,3,07,1,02
578,2006-07-03,2006,3,07,1,03,2006,3,07,1,03
579,2006-07-04,2006,3,07,1,04,2006,3,07,1,04
580,2006-07-05,2006,3,07,1,05,2006,3,07,1,05
581,2006-07-06,2006,3,07,1,06,2006,3,07,1,06
582,2006-07-07,2006,3,07,1,07,2006,3,07,1,07
583,2006-07-08,2006,3,07,2,08,2006,3,07,2,08
584,2006-07-09,2006,3,07,2,09,2006,3,07,2,09
585,2006-07-10,2006,3,07,2,10,2006,3,07,2,10
586,2006-07-11,2006,3,07,2,11,2006,3,07,2,11
587,2006-07-12,2006,3,07,2,12,2006,3,07,2,12
588,2006-07-13,2006,3,07,2,13,2006,3,07,2,13
589,2006-07-14,2006,3,07,2,14,2006,3,07,2,14
590,2006-07-15,2006,3,07,3,15,2006,3,07,3,15
591,2006-07-16,2006,3,07,3,16,2006,3,07,3,16
592,2006-07-17,2006,3,07,3,17,2006,3,07,3,17
593,2006-07-18,2006,3,07,3,18,2006,3,07,3,18
594,2006-07-19,2006,3,07,3,19,2006,3,07,3,19
595,2006-07-20,2006,3,07,3,20,2006,3,07,3,20
596,2006-07-21,2006,3,07,3,21,2006,3,07,3,21
597,2006-07-22,2006,3,07,4,22,2006,3,07,4,22
598,2006-07-23,2006,3,07,4,23,2006,3,07,4,23
599,2006-07-24,2006,3,07,4,24,2006,3,07,4,24
600,2006-07-25,2006,3,07,4,25,2006,3,07,4,25
601,2006-07-26,2006,3,07,4,26,2006,3,07,4,26
602,2006-07-27,2006,3,07,4,27,2006,3,07,4,27
603,2006-07-28,2006,3,07,4,28,2006,3,07,4,28
604,2006-07-29,2006,3,07,5,29,2006,3,07,5,29
605,2006-07-30,2006,3,07,5,30,2006,3,07,5,30
606,2006-07-31,2006,3,07,5,31,2006,3,07,5,31
607,2006-08-01,2006,3,08,1,01,2006,3,08,1,01
608,2006-08-02,2006,3,08,1,02,2006,3,08,1,02
609,2006-08-03,2006,3,08,1,03,2006,3,08,1,03
610,2006-08-04,2006,3,08,1,04,2006,3,08,1,04
611,2006-08-05,2006,3,08,1,05,2006,3,08,1,05
612,2006-08-06,2006,3,08,1,06,2006,3,08,1,06
613,2006-08-07,2006,3,08,1,07,2006,3,08,1,07
614,2006-08-08,2006,3,08,2,08,2006,3,08,2,08
615,2006-08-09,2006,3,08,2,09,2006,3,08,2,09
616,2006-08-10,2006,3,08,2,10,2006,3,08,2,10
617,2006-08-11,2006,3,08,2,11,2006,3,08,2,11
618,2006-08-12,2006,3,08,2,12,2006,3,08,2,12
619,2006-08-13,2006,3,08,2,13,2006,3,08,2,13
620,2006-08-14,2006,3,08,2,14,2006,3,08,2,14
621,2006-08-15,2006,3,08,3,15,2006,3,08,3,15
622,2006-08-16,2006,3,08,3,16,2006,3,08,3,16
623,2006-08-17,2006,3,08,3,17,2006,3,08,3,17
624,2006-08-18,2006,3,08,3,18,2006,3,08,3,18
625,2006-08-19,2006,3,08,3,19,2006,3,08,3,19
626,2006-08-20,2006,3,08,3,20,2006,3,08,3,20
627,2006-08-21,2006,3,08,3,21,2006,3,08,3,21
628,2006-08-22,2006,3,08,4,22,2006,3,08,4,22
629,2006-08-23,2006,3,08,4,23,2006,3,08,4,23
630,2006-08-24,2006,3,08,4,24,2006,3,08,4,24
631,2006-08-25,2006,3,08,4,25,2006,3,08,4,25
632,2006-08-26,2006,3,08,4,26,2006,3,08,4,26
633,2006-08-27,2006,3,08,4,27,2006,3,08,4,27
634,2006-08-28,2006,3,08,4,28,2006,3,08,4,28
635,2006-08-29,2006,3,08,5,29,2006,3,08,5,29
636,2006-08-30,2006,3,08,5,30,2006,3,08,5,30
637,2006-08-31,2006,3,08,5,31,2006,3,08,5,31
638,2006-09-01,2006,3,09,1,01,2006,3,09,1,01
639,2006-09-02,2006,3,09,1,02,2006,3,09,1,02
640,2006-09-03,2006,3,09,1,03,2006,3,09,1,03
641,2006-09-04,2006,3,09,1,04,2006,3,09,1,04
642,2006-09-05,2006,3,09,1,05,2006,3,09,1,05
643,2006-09-06,2006,3,09,1,06,2006,3,09,1,06
644,2006-09-07,2006,3,09,1,07,2006,3,09,1,07
645,2006-09-08,2006,3,09,2,08,2006,3,09,2,08
646,2006-09-09,2006,3,09,2,09,2006,3,09,2,09
647,2006-09-10,2006,3,09,2,10,2006,3,09,2,10
648,2006-09-11,2006,3,09,2,11,2006,3,09,2,11
649,2006-09-12,2006,3,09,2,12,2006,3,09,2,12
650,2006-09-13,2006,3,09,2,13,2006,3,09,2,13
651,2006-09-14,2006,3,09,2,14,2006,3,09,2,14
652,2006-09-15,2006,3,09,3,15,2006,3,09,3,15
653,2006-09-16,2006,3,09,3,16,2006,3,09,3,16
654,2006-09-17,2006,3,09,3,17,2006,3,09,3,17
655,2006-09-18,2006,3,09,3,18,2006,3,09,3,18
656,2006-09-19,2006,3,09,3,19,2006,3,09,3,19
657,2006-09-20,2006,3,09,3,20,2006,3,09,3,20
658,2006-09-21,2006,3,09,3,21,2006,3,09,3,21
659,2006-09-22,2006,3,09,4,22,2006,3,09,4,22
660,2006-09-23,2006,3,09,4,23,2006,3,09,4,23
661,2006-09-24,2006,3,09,4,24,2006,3,09,4,24
662,2006-09-25,2006,3,09,4,25,2006,3,09,4,25
663,2006-09-26,2006,3,09,4,26,2006,3,09,4,26
664,2006-09-27,2006,3,09,4,27,2006,3,09,4,27
665,2006-09-28,2006,3,09,4,28,2006,3,09,4,28
666,2006-09-29,2006,3,09,5,29,2006,3,09,5,29
667,2006-09-30,2006,3,09,5,30,2006,3,09,5,30
668,2006-10-01,2006,4,10,1,01,2006,4,10,1,01
669,2006-10-02,2006,4,10,1,02,2006,4,10,1,02
670,2006-10-03,2006,4,10,1,03,2006,4,10,1,03
671,2006-10-04,2006,4,10,1,04,2006,4,10,1,04
672,2006-10-05,2006,4,10,1,05,2006,4,10,1,05
673,2006-10-06,2006,4,10,1,06,2006,4,10,1,06
674,2006-10-07,2006,4,10,1,07,2006,4,10,1,07
675,2006-10-08,2006,4,10,2,08,2006,4,10,2,08
676,2006-10-09,2006,4,10,2,09,2006,4,10,2,09
677,2006-10-10,2006,4,10,2,10,2006,4,10,2,10
678,2006-10-11,2006,4,10,2,11,2006,4,10,2,11
679,2006-10-12,2006,4,10,2,12,2006,4,10,2,12
680,2006-10-13,2006,4,10,2,13,2006,4,10,2,13
681,2006-10-14,2006,4,10,2,14,2006,4,10,2,14
682,2006-10-15,2006,4,10,3,15,2006,4,10,3,15
683,2006-10-16,2006,4,10,3,16,2006,4,10,3,16
684,2006-10-17,2006,4,10,3,17,2006,4,10,3,17
685,2006-10-18,2006,4,10,3,18,2006,4,10,3,18
686,2006-10-19,2006,4,10,3,19,2006,4,10,3,19
687,2006-10-20,2006,4,10,3,20,2006,4,10,3,20
688,2006-10-21,2006,4,10,3,21,2006,4,10,3,21
689,2006-10-22,2006,4,10,4,22,2006,4,10,4,22
690,2006-10-23,2006,4,10,4,23,2006,4,10,4,23
691,2006-10-24,2006,4,10,4,24,2006,4,10,4,24
692,2006-10-25,2006,4,10,4,25,2006,4,10,4,25
693,2006-10-26,2006,4,10,4,26,2006,4,10,4,26
694,2006-10-27,2006,4,10,4,27,2006,4,10,4,27
695,2006-10-28,2006,4,10,4,28,2006,4,10,4,28
696,2006-10-29,2006,4,10,5,29,2006,4,10,5,29
697,2006-10-30,2006,4,10,5,30,2006,4,10,5,30
698,2006-10-31,2006,4,10,5,31,2006,4,10,5,31
699,2006-11-01,2006,4,11,1,01,2006,4,11,1,01
700,2006-11-02,2006,4,11,1,02,2006,4,11,1,02
701,2006-11-03,2006,4,11,1,03,2006,4,11,1,03
702,2006-11-04,2006,4,11,1,04,2006,4,11,1,04
703,2006-11-05,2006,4,11,1,05,2006,4,11,1,05
704,2006-11-06,2006,4,11,1,06,2006,4,11,1,06
705,2006-11-07,2006,4,11,1,07,2006,4,11,1,07
706,2006-11-08,2006,4,11,2,08,2006,4,11,2,08
707,2006-11-09,2006,4,11,2,09,2006,4,11,2,09
708,2006-11-10,2006,4,11,2,10,2006,4,11,2,10
709,2006-11-11,2006,4,11,2,11,2006,4,11,2,11
710,2006-11-12,2006,4,11,2,12,2006,4,11,2,12
711,2006-11-13,2006,4,11,2,13,2006,4,11,2,13
712,2006-11-14,2006,4,11,2,14,2006,4,11,2,14
713,2006-11-15,2006,4,11,3,15,2006,4,11,3,15
714,2006-11-16,2006,4,11,3,16,2006,4,11,3,16
715,2006-11-17,2006,4,11,3,17,2006,4,11,3,17
716,2006-11-18,2006,4,11,3,18,2006,4,11,3,18
717,2006-11-19,2006,4,11,3,19,2006,4,11,3,19
718,2006-11-20,2006,4,11,3,20,2006,4,11,3,20
719,2006-11-21,2006,4,11,3,21,2006,4,11,3,21
720,2006-11-22,2006,4,11,4,22,2006,4,11,4,22
721,2006-11-23,2006,4,11,4,23,2006,4,11,4,23
722,2006-11-24,2006,4,11,4,24,2006,4,11,4,24
723,2006-11-25,2006,4,11,4,25,2006,4,11,4,25
724,2006-11-26,2006,4,11,4,26,2006,4,11,4,26
725,2006-11-27,2006,4,11,4,27,2006,4,11,4,27
726,2006-11-28,2006,4,11,4,28,2006,4,11,4,28
727,2006-11-29,2006,4,11,5,29,2006,4,11,5,29
728,2006-11-30,2006,4,11,5,30,2006,4,11,5,30
729,2006-12-01,2006,4,12,1,01,2006,4,12,1,01
730,2006-12-02,2006,4,12,1,02,2006,4,12,1,02
731,2006-12-03,2006,4,12,1,03,2006,4,12,1,03
732,2006-12-04,2006,4,12,1,04,2006,4,12,1,04
733,2006-12-05,2006,4,12,1,05,2006,4,12,1,05
734,2006-12-06,2006,4,12,1,06,2006,4,12,1,06
735,2006-12-07,2006,4,12,1,07,2006,4,12,1,07
736,2006-12-08,2006,4,12,2,08,2006,4,12,2,08
737,2006-12-09,2006,4,12,2,09,2006,4,12,2,09
738,2006-12-10,2006,4,12,2,10,2006,4,12,2,10
739,2006-12-11,2006,4,12,2,11,2006,4,12,2,11
740,2006-12-12,2006,4,12,2,12,2006,4,12,2,12
741,2006-12-13,2006,4,12,2,13,2006,4,12,2,13
742,2006-12-14,2006,4,12,2,14,2006,4,12,2,14
743,2006-12-15,2006,4,12,3,15,2006,4,12,3,15
744,2006-12-16,2006,4,12,3,16,2006,4,12,3,16
745,2006-12-17,2006,4,12,3,17,2006,4,12,3,17
746,2006-12-18,2006,4,12,3,18,2006,4,12,3,18
747,2006-12-19,2006,4,12,3,19,2006,4,12,3,19
748,2006-12-20,2006,4,12,3,20,2006,4,12,3,20
749,2006-12-21,2006,4,12,3,21,2006,4,12,3,21
750,2006-12-22,2006,4,12,4,22,2006,4,12,4,22
751,2006-12-23,2006,4,12,4,23,2006,4,12,4,23
752,2006-12-24,2006,4,12,4,24,2006,4,12,4,24
753,2006-12-25,2006,4,12,4,25,2006,4,12,4,25
754,2006-12-26,2006,4,12,4,26,2006,4,12,4,26
755,2006-12-27,2006,4,12,4,27,2006,4,12,4,27
756,2006-12-28,2006,4,12,4,28,2006,4,12,4,28
757,2006-12-29,2006,4,12,5,29,2006,4,12,5,29
758,2006-12-30,2006,4,12,5,30,2006,4,12,5,30
759,2006-12-31,2006,4,12,5,31,2006,4,12,5,31
760,2007-01-01,2007,1,01,1,01,2007,1,01,1,01
761,2007-01-02,2007,1,01,1,02,2007,1,01,1,02
762,2007-01-03,2007,1,01,1,03,2007,1,01,1,03
763,2007-01-04,2007,1,01,1,04,2007,1,01,1,04
764,2007-01-05,2007,1,01,1,05,2007,1,01,1,05
765,2007-01-06,2007,1,01,1,06,2007,1,01,1,06
766,2007-01-07,2007,1,01,1,07,2007,1,01,1,07
767,2007-01-08,2007,1,01,2,08,2007,1,01,2,08
768,2007-01-09,2007,1,01,2,09,2007,1,01,2,09
769,2007-01-10,2007,1,01,2,10,2007,1,01,2,10
770,2007-01-11,2007,1,01,2,11,2007,1,01,2,11
771,2007-01-12,2007,1,01,2,12,2007,1,01,2,12
772,2007-01-13,2007,1,01,2,13,2007,1,01,2,13
773,2007-01-14,2007,1,01,2,14,2007,1,01,2,14
774,2007-01-15,2007,1,01,3,15,2007,1,01,3,15
775,2007-01-16,2007,1,01,3,16,2007,1,01,3,16
776,2007-01-17,2007,1,01,3,17,2007,1,01,3,17
777,2007-01-18,2007,1,01,3,18,2007,1,01,3,18
778,2007-01-19,2007,1,01,3,19,2007,1,01,3,19
779,2007-01-20,2007,1,01,3,20,2007,1,01,3,20
780,2007-01-21,2007,1,01,3,21,2007,1,01,3,21
781,2007-01-22,2007,1,01,4,22,2007,1,01,4,22
782,2007-01-23,2007,1,01,4,23,2007,1,01,4,23
783,2007-01-24,2007,1,01,4,24,2007,1,01,4,24
784,2007-01-25,2007,1,01,4,25,2007,1,01,4,25
785,2007-01-26,2007,1,01,4,26,2007,1,01,4,26
786,2007-01-27,2007,1,01,4,27,2007,1,01,4,27
787,2007-01-28,2007,1,01,4,28,2007,1,01,4,28
788,2007-01-29,2007,1,01,5,29,2007,1,01,5,29
789,2007-01-30,2007,1,01,5,30,2007,1,01,5,30
790,2007-01-31,2007,1,01,5,31,2007,1,01,5,31
791,2007-02-01,2007,1,02,1,01,2007,1,02,1,01
792,2007-02-02,2007,1,02,1,02,2007,1,02,1,02
793,2007-02-03,2007,1,02,1,03,2007,1,02,1,03
794,2007-02-04,2007,1,02,1,04,2007,1,02,1,04
795,2007-02-05,2007,1,02,1,05,2007,1,02,1,05
796,2007-02-06,2007,1,02,1,06,2007,1,02,1,06
797,2007-02-07,2007,1,02,1,07,2007,1,02,1,07
798,2007-02-08,2007,1,02,2,08,2007,1,02,2,08
799,2007-02-09,2007,1,02,2,09,2007,1,02,2,09
800,2007-02-10,2007,1,02,2,10,2007,1,02,2,10
801,2007-02-11,2007,1,02,2,11,2007,1,02,2,11
802,2007-02-12,2007,1,02,2,12,2007,1,02,2,12
803,2007-02-13,2007,1,02,2,13,2007,1,02,2,13
804,2007-02-14,2007,1,02,2,14,2007,1,02,2,14
805,2007-02-15,2007,1,02,3,15,2007,1,02,3,15
806,2007-02-16,2007,1,02,3,16,2007,1,02,3,16
807,2007-02-17,2007,1,02,3,17,2007,1,02,3,17
808,2007-02-18,2007,1,02,3,18,2007,1,02,3,18
809,2007-02-19,2007,1,02,3,19,2007,1,02,3,19
810,2007-02-20,2007,1,02,3,20,2007,1,02,3,20
811,2007-02-21,2007,1,02,3,21,2007,1,02,3,21
812,2007-02-22,2007,1,02,4,22,2007,1,02,4,22
813,2007-02-23,2007,1,02,4,23,2007,1,02,4,23
814,2007-02-24,2007,1,02,4,24,2007,1,02,4,24
815,2007-02-25,2007,1,02,4,25,2007,1,02,4,25
816,2007-02-26,2007,1,02,4,26,2007,1,02,4,26
817,2007-02-27,2007,1,02,4,27,2007,1,02,4,27
818,2007-02-28,2007,1,02,4,28,2007,1,02,4,28
819,2007-03-01,2007,1,03,1,01,2007,1,03,1,01
820,2007-03-02,2007,1,03,1,02,2007,1,03,1,02
821,2007-03-03,2007,1,03,1,03,2007,1,03,1,03
822,2007-03-04,2007,1,03,1,04,2007,1,03,1,04
823,2007-03-05,2007,1,03,1,05,2007,1,03,1,05
824,2007-03-06,2007,1,03,1,06,2007,1,03,1,06
825,2007-03-07,2007,1,03,1,07,2007,1,03,1,07
826,2007-03-08,2007,1,03,2,08,2007,1,03,2,08
827,2007-03-09,2007,1,03,2,09,2007,1,03,2,09
828,2007-03-10,2007,1,03,2,10,2007,1,03,2,10
829,2007-03-11,2007,1,03,2,11,2007,1,03,2,11
830,2007-03-12,2007,1,03,2,12,2007,1,03,2,12
831,2007-03-13,2007,1,03,2,13,2007,1,03,2,13
832,2007-03-14,2007,1,03,2,14,2007,1,03,2,14
833,2007-03-15,2007,1,03,3,15,2007,1,03,3,15
834,2007-03-16,2007,1,03,3,16,2007,1,03,3,16
835,2007-03-17,2007,1,03,3,17,2007,1,03,3,17
836,2007-03-18,2007,1,03,3,18,2007,1,03,3,18
837,2007-03-19,2007,1,03,3,19,2007,1,03,3,19
838,2007-03-20,2007,1,03,3,20,2007,1,03,3,20
839,2007-03-21,2007,1,03,3,21,2007,1,03,3,21
840,2007-03-22,2007,1,03,4,22,2007,1,03,4,22
841,2007-03-23,2007,1,03,4,23,2007,1,03,4,23
842,2007-03-24,2007,1,03,4,24,2007,1,03,4,24
843,2007-03-25,2007,1,03,4,25,2007,1,03,4,25
844,2007-03-26,2007,1,03,4,26,2007,1,03,4,26
845,2007-03-27,2007,1,03,4,27,2007,1,03,4,27
846,2007-03-28,2007,1,03,4,28,2007,1,03,4,28
847,2007-03-29,2007,1,03,5,29,2007,1,03,5,29
848,2007-03-30,2007,1,03,5,30,2007,1,03,5,30
849,2007-03-31,2007,1,03,5,31,2007,1,03,5,31
850,2007-04-01,2007,2,04,1,01,2007,2,04,1,01
851,2007-04-02,2007,2,04,1,02,2007,2,04,1,02
852,2007-04-03,2007,2,04,1,03,2007,2,04,1,03
853,2007-04-04,2007,2,04,1,04,2007,2,04,1,04
854,2007-04-05,2007,2,04,1,05,2007,2,04,1,05
855,2007-04-06,2007,2,04,1,06,2007,2,04,1,06
856,2007-04-07,2007,2,04,1,07,2007,2,04,1,07
857,2007-04-08,2007,2,04,2,08,2007,2,04,2,08
858,2007-04-09,2007,2,04,2,09,2007,2,04,2,09
859,2007-04-10,2007,2,04,2,10,2007,2,04,2,10
860,2007-04-11,2007,2,04,2,11,2007,2,04,2,11
861,2007-04-12,2007,2,04,2,12,2007,2,04,2,12
862,2007-04-13,2007,2,04,2,13,2007,2,04,2,13
863,2007-04-14,2007,2,04,2,14,2007,2,04,2,14
864,2007-04-15,2007,2,04,3,15,2007,2,04,3,15
865,2007-04-16,2007,2,04,3,16,2007,2,04,3,16
866,2007-04-17,2007,2,04,3,17,2007,2,04,3,17
867,2007-04-18,2007,2,04,3,18,2007,2,04,3,18
868,2007-04-19,2007,2,04,3,19,2007,2,04,3,19
869,2007-04-20,2007,2,04,3,20,2007,2,04,3,20
870,2007-04-21,2007,2,04,3,21,2007,2,04,3,21
871,2007-04-22,2007,2,04,4,22,2007,2,04,4,22
872,2007-04-23,2007,2,04,4,23,2007,2,04,4,23
873,2007-04-24,2007,2,04,4,24,2007,2,04,4,24
874,2007-04-25,2007,2,04,4,25,2007,2,04,4,25
875,2007-04-26,2007,2,04,4,26,2007,2,04,4,26
876,2007-04-27,2007,2,04,4,27,2007,2,04,4,27
877,2007-04-28,2007,2,04,4,28,2007,2,04,4,28
878,2007-04-29,2007,2,04,5,29,2007,2,04,5,29
879,2007-04-30,2007,2,04,5,30,2007,2,04,5,30
880,2007-05-01,2007,2,05,1,01,2007,2,05,1,01
881,2007-05-02,2007,2,05,1,02,2007,2,05,1,02
882,2007-05-03,2007,2,05,1,03,2007,2,05,1,03
883,2007-05-04,2007,2,05,1,04,2007,2,05,1,04
884,2007-05-05,2007,2,05,1,05,2007,2,05,1,05
885,2007-05-06,2007,2,05,1,06,2007,2,05,1,06
886,2007-05-07,2007,2,05,1,07,2007,2,05,1,07
887,2007-05-08,2007,2,05,2,08,2007,2,05,2,08
888,2007-05-09,2007,2,05,2,09,2007,2,05,2,09
889,2007-05-10,2007,2,05,2,10,2007,2,05,2,10
890,2007-05-11,2007,2,05,2,11,2007,2,05,2,11
891,2007-05-12,2007,2,05,2,12,2007,2,05,2,12
892,2007-05-13,2007,2,05,2,13,2007,2,05,2,13
893,2007-05-14,2007,2,05,2,14,2007,2,05,2,14
894,2007-05-15,2007,2,05,3,15,2007,2,05,3,15
895,2007-05-16,2007,2,05,3,16,2007,2,05,3,16
896,2007-05-17,2007,2,05,3,17,2007,2,05,3,17
897,2007-05-18,2007,2,05,3,18,2007,2,05,3,18
898,2007-05-19,2007,2,05,3,19,2007,2,05,3,19
899,2007-05-20,2007,2,05,3,20,2007,2,05,3,20
900,2007-05-21,2007,2,05,3,21,2007,2,05,3,21
901,2007-05-22,2007,2,05,4,22,2007,2,05,4,22
902,2007-05-23,2007,2,05,4,23,2007,2,05,4,23
903,2007-05-24,2007,2,05,4,24,2007,2,05,4,24
904,2007-05-25,2007,2,05,4,25,2007,2,05,4,25
905,2007-05-26,2007,2,05,4,26,2007,2,05,4,26
906,2007-05-27,2007,2,05,4,27,2007,2,05,4,27
907,2007-05-28,2007,2,05,4,28,2007,2,05,4,28
908,2007-05-29,2007,2,05,5,29,2007,2,05,5,29
909,2007-05-30,2007,2,05,5,30,2007,2,05,5,30
910,2007-05-31,2007,2,05,5,31,2007,2,05,5,31
911,2007-06-01,2007,2,06,1,01,2007,2,06,1,01
912,2007-06-02,2007,2,06,1,02,2007,2,06,1,02
913,2007-06-03,2007,2,06,1,03,2007,2,06,1,03
914,2007-06-04,2007,2,06,1,04,2007,2,06,1,04
915,2007-06-05,2007,2,06,1,05,2007,2,06,1,05
916,2007-06-06,2007,2,06,1,06,2007,2,06,1,06
917,2007-06-07,2007,2,06,1,07,2007,2,06,1,07
918,2007-06-08,2007,2,06,2,08,2007,2,06,2,08
919,2007-06-09,2007,2,06,2,09,2007,2,06,2,09
920,2007-06-10,2007,2,06,2,10,2007,2,06,2,10
921,2007-06-11,2007,2,06,2,11,2007,2,06,2,11
922,2007-06-12,2007,2,06,2,12,2007,2,06,2,12
923,2007-06-13,2007,2,06,2,13,2007,2,06,2,13
924,2007-06-14,2007,2,06,2,14,2007,2,06,2,14
925,2007-06-15,2007,2,06,3,15,2007,2,06,3,15
926,2007-06-16,2007,2,06,3,16,2007,2,06,3,16
927,2007-06-17,2007,2,06,3,17,2007,2,06,3,17
928,2007-06-18,2007,2,06,3,18,2007,2,06,3,18
929,2007-06-19,2007,2,06,3,19,2007,2,06,3,19
930,2007-06-20,2007,2,06,3,20,2007,2,06,3,20
931,2007-06-21,2007,2,06,3,21,2007,2,06,3,21
932,2007-06-22,2007,2,06,4,22,2007,2,06,4,22
933,2007-06-23,2007,2,06,4,23,2007,2,06,4,23
934,2007-06-24,2007,2,06,4,24,2007,2,06,4,24
935,2007-06-25,2007,2,06,4,25,2007,2,06,4,25
936,2007-06-26,2007,2,06,4,26,2007,2,06,4,26
937,2007-06-27,2007,2,06,4,27,2007,2,06,4,27
938,2007-06-28,2007,2,06,4,28,2007,2,06,4,28
939,2007-06-29,2007,2,06,5,29,2007,2,06,5,29
940,2007-06-30,2007,2,06,5,30,2007,2,06,5,30
941,2007-07-01,2007,3,07,1,01,2007,3,07,1,01
942,2007-07-02,2007,3,07,1,02,2007,3,07,1,02
943,2007-07-03,2007,3,07,1,03,2007,3,07,1,03
944,2007-07-04,2007,3,07,1,04,2007,3,07,1,04
945,2007-07-05,2007,3,07,1,05,2007,3,07,1,05
946,2007-07-06,2007,3,07,1,06,2007,3,07,1,06
947,2007-07-07,2007,3,07,1,07,2007,3,07,1,07
948,2007-07-08,2007,3,07,2,08,2007,3,07,2,08
949,2007-07-09,2007,3,07,2,09,2007,3,07,2,09
950,2007-07-10,2007,3,07,2,10,2007,3,07,2,10
951,2007-07-11,2007,3,07,2,11,2007,3,07,2,11
952,2007-07-12,2007,3,07,2,12,2007,3,07,2,12
953,2007-07-13,2007,3,07,2,13,2007,3,07,2,13
954,2007-07-14,2007,3,07,2,14,2007,3,07,2,14
955,2007-07-15,2007,3,07,3,15,2007,3,07,3,15
956,2007-07-16,2007,3,07,3,16,2007,3,07,3,16
957,2007-07-17,2007,3,07,3,17,2007,3,07,3,17
958,2007-07-18,2007,3,07,3,18,2007,3,07,3,18
959,2007-07-19,2007,3,07,3,19,2007,3,07,3,19
960,2007-07-20,2007,3,07,3,20,2007,3,07,3,20
961,2007-07-21,2007,3,07,3,21,2007,3,07,3,21
962,2007-07-22,2007,3,07,4,22,2007,3,07,4,22
963,2007-07-23,2007,3,07,4,23,2007,3,07,4,23
964,2007-07-24,2007,3,07,4,24,2007,3,07,4,24
965,2007-07-25,2007,3,07,4,25,2007,3,07,4,25
966,2007-07-26,2007,3,07,4,26,2007,3,07,4,26
967,2007-07-27,2007,3,07,4,27,2007,3,07,4,27
968,2007-07-28,2007,3,07,4,28,2007,3,07,4,28
969,2007-07-29,2007,3,07,5,29,2007,3,07,5,29
970,2007-07-30,2007,3,07,5,30,2007,3,07,5,30
971,2007-07-31,2007,3,07,5,31,2007,3,07,5,31
972,2007-08-01,2007,3,08,1,01,2007,3,08,1,01
973,2007-08-02,2007,3,08,1,02,2007,3,08,1,02
974,2007-08-03,2007,3,08,1,03,2007,3,08,1,03
975,2007-08-04,2007,3,08,1,04,2007,3,08,1,04
976,2007-08-05,2007,3,08,1,05,2007,3,08,1,05
977,2007-08-06,2007,3,08,1,06,2007,3,08,1,06
978,2007-08-07,2007,3,08,1,07,2007,3,08,1,07
979,2007-08-08,2007,3,08,2,08,2007,3,08,2,08
980,2007-08-09,2007,3,08,2,09,2007,3,08,2,09
981,2007-08-10,2007,3,08,2,10,2007,3,08,2,10
982,2007-08-11,2007,3,08,2,11,2007,3,08,2,11
983,2007-08-12,2007,3,08,2,12,2007,3,08,2,12
984,2007-08-13,2007,3,08,2,13,2007,3,08,2,13
985,2007-08-14,2007,3,08,2,14,2007,3,08,2,14
986,2007-08-15,2007,3,08,3,15,2007,3,08,3,15
987,2007-08-16,2007,3,08,3,16,2007,3,08,3,16
988,2007-08-17,2007,3,08,3,17,2007,3,08,3,17
989,2007-08-18,2007,3,08,3,18,2007,3,08,3,18
990,2007-08-19,2007,3,08,3,19,2007,3,08,3,19
991,2007-08-20,2007,3,08,3,20,2007,3,08,3,20
992,2007-08-21,2007,3,08,3,21,2007,3,08,3,21
993,2007-08-22,2007,3,08,4,22,2007,3,08,4,22
994,2007-08-23,2007,3,08,4,23,2007,3,08,4,23
995,2007-08-24,2007,3,08,4,24,2007,3,08,4,24
996,2007-08-25,2007,3,08,4,25,2007,3,08,4,25
997,2007-08-26,2007,3,08,4,26,2007,3,08,4,26
998,2007-08-27,2007,3,08,4,27,2007,3,08,4,27
999,2007-08-28,2007,3,08,4,28,2007,3,08,4,28
1000,2007-08-29,2007,3,08,5,29,2007,3,08,5,29
1001,2007-08-30,2007,3,08,5,30,2007,3,08,5,30
1002,2007-08-31,2007,3,08,5,31,2007,3,08,5,31
1003,2007-09-01,2007,3,09,1,01,2007,3,09,1,01
1004,2007-09-02,2007,3,09,1,02,2007,3,09,1,02
1005,2007-09-03,2007,3,09,1,03,2007,3,09,1,03
1006,2007-09-04,2007,3,09,1,04,2007,3,09,1,04
1007,2007-09-05,2007,3,09,1,05,2007,3,09,1,05
1008,2007-09-06,2007,3,09,1,06,2007,3,09,1,06
1009,2007-09-07,2007,3,09,1,07,2007,3,09,1,07
1010,2007-09-08,2007,3,09,2,08,2007,3,09,2,08
1011,2007-09-09,2007,3,09,2,09,2007,3,09,2,09
1012,2007-09-10,2007,3,09,2,10,2007,3,09,2,10
1013,2007-09-11,2007,3,09,2,11,2007,3,09,2,11
1014,2007-09-12,2007,3,09,2,12,2007,3,09,2,12
1015,2007-09-13,2007,3,09,2,13,2007,3,09,2,13
1016,2007-09-14,2007,3,09,2,14,2007,3,09,2,14
1017,2007-09-15,2007,3,09,3,15,2007,3,09,3,15
1018,2007-09-16,2007,3,09,3,16,2007,3,09,3,16
1019,2007-09-17,2007,3,09,3,17,2007,3,09,3,17
1020,2007-09-18,2007,3,09,3,18,2007,3,09,3,18
1021,2007-09-19,2007,3,09,3,19,2007,3,09,3,19
1022,2007-09-20,2007,3,09,3,20,2007,3,09,3,20
1023,2007-09-21,2007,3,09,3,21,2007,3,09,3,21
1024,2007-09-22,2007,3,09,4,22,2007,3,09,4,22
1025,2007-09-23,2007,3,09,4,23,2007,3,09,4,23
1026,2007-09-24,2007,3,09,4,24,2007,3,09,4,24
1027,2007-09-25,2007,3,09,4,25,2007,3,09,4,25
1028,2007-09-26,2007,3,09,4,26,2007,3,09,4,26
1029,2007-09-27,2007,3,09,4,27,2007,3,09,4,27
1030,2007-09-28,2007,3,09,4,28,2007,3,09,4,28
1031,2007-09-29,2007,3,09,5,29,2007,3,09,5,29
1032,2007-09-30,2007,3,09,5,30,2007,3,09,5,30
1033,2007-10-01,2007,4,10,1,01,2007,4,10,1,01
1034,2007-10-02,2007,4,10,1,02,2007,4,10,1,02
1035,2007-10-03,2007,4,10,1,03,2007,4,10,1,03
1036,2007-10-04,2007,4,10,1,04,2007,4,10,1,04
1037,2007-10-05,2007,4,10,1,05,2007,4,10,1,05
1038,2007-10-06,2007,4,10,1,06,2007,4,10,1,06
1039,2007-10-07,2007,4,10,1,07,2007,4,10,1,07
1040,2007-10-08,2007,4,10,2,08,2007,4,10,2,08
1041,2007-10-09,2007,4,10,2,09,2007,4,10,2,09
1042,2007-10-10,2007,4,10,2,10,2007,4,10,2,10
1043,2007-10-11,2007,4,10,2,11,2007,4,10,2,11
1044,2007-10-12,2007,4,10,2,12,2007,4,10,2,12
1045,2007-10-13,2007,4,10,2,13,2007,4,10,2,13
1046,2007-10-14,2007,4,10,2,14,2007,4,10,2,14
1047,2007-10-15,2007,4,10,3,15,2007,4,10,3,15
1048,2007-10-16,2007,4,10,3,16,2007,4,10,3,16
1049,2007-10-17,2007,4,10,3,17,2007,4,10,3,17
1050,2007-10-18,2007,4,10,3,18,2007,4,10,3,18
1051,2007-10-19,2007,4,10,3,19,2007,4,10,3,19
1052,2007-10-20,2007,4,10,3,20,2007,4,10,3,20
1053,2007-10-21,2007,4,10,3,21,2007,4,10,3,21
1054,2007-10-22,2007,4,10,4,22,2007,4,10,4,22
1055,2007-10-23,2007,4,10,4,23,2007,4,10,4,23
1056,2007-10-24,2007,4,10,4,24,2007,4,10,4,24
1057,2007-10-25,2007,4,10,4,25,2007,4,10,4,25
1058,2007-10-26,2007,4,10,4,26,2007,4,10,4,26
1059,2007-10-27,2007,4,10,4,27,2007,4,10,4,27
1060,2007-10-28,2007,4,10,4,28,2007,4,10,4,28
1061,2007-10-29,2007,4,10,5,29,2007,4,10,5,29
1062,2007-10-30,2007,4,10,5,30,2007,4,10,5,30
1063,2007-10-31,2007,4,10,5,31,2007,4,10,5,31
1064,2007-11-01,2007,4,11,1,01,2007,4,11,1,01
1065,2007-11-02,2007,4,11,1,02,2007,4,11,1,02
1066,2007-11-03,2007,4,11,1,03,2007,4,11,1,03
1067,2007-11-04,2007,4,11,1,04,2007,4,11,1,04
1068,2007-11-05,2007,4,11,1,05,2007,4,11,1,05
1069,2007-11-06,2007,4,11,1,06,2007,4,11,1,06
1070,2007-11-07,2007,4,11,1,07,2007,4,11,1,07
1071,2007-11-08,2007,4,11,2,08,2007,4,11,2,08
1072,2007-11-09,2007,4,11,2,09,2007,4,11,2,09
1073,2007-11-10,2007,4,11,2,10,2007,4,11,2,10
1074,2007-11-11,2007,4,11,2,11,2007,4,11,2,11
1075,2007-11-12,2007,4,11,2,12,2007,4,11,2,12
1076,2007-11-13,2007,4,11,2,13,2007,4,11,2,13
1077,2007-11-14,2007,4,11,2,14,2007,4,11,2,14
1078,2007-11-15,2007,4,11,3,15,2007,4,11,3,15
1079,2007-11-16,2007,4,11,3,16,2007,4,11,3,16
1080,2007-11-17,2007,4,11,3,17,2007,4,11,3,17
1081,2007-11-18,2007,4,11,3,18,2007,4,11,3,18
1082,2007-11-19,2007,4,11,3,19,2007,4,11,3,19
1083,2007-11-20,2007,4,11,3,20,2007,4,11,3,20
1084,2007-11-21,2007,4,11,3,21,2007,4,11,3,21
1085,2007-11-22,2007,4,11,4,22,2007,4,11,4,22
1086,2007-11-23,2007,4,11,4,23,2007,4,11,4,23
1087,2007-11-24,2007,4,11,4,24,2007,4,11,4,24
1088,2007-11-25,2007,4,11,4,25,2007,4,11,4,25
1089,2007-11-26,2007,4,11,4,26,2007,4,11,4,26
1090,2007-11-27,2007,4,11,4,27,2007,4,11,4,27
1091,2007-11-28,2007,4,11,4,28,2007,4,11,4,28
1092,2007-11-29,2007,4,11,5,29,2007,4,11,5,29
1093,2007-11-30,2007,4,11,5,30,2007,4,11,5,30
1094,2007-12-01,2007,4,12,1,01,2007,4,12,1,01
1095,2007-12-02,2007,4,12,1,02,2007,4,12,1,02
1096,2007-12-03,2007,4,12,1,03,2007,4,12,1,03
1097,2007-12-04,2007,4,12,1,04,2007,4,12,1,04
1098,2007-12-05,2007,4,12,1,05,2007,4,12,1,05
1099,2007-12-06,2007,4,12,1,06,2007,4,12,1,06
1100,2007-12-07,2007,4,12,1,07,2007,4,12,1,07
1101,2007-12-08,2007,4,12,2,08,2007,4,12,2,08
1102,2007-12-09,2007,4,12,2,09,2007,4,12,2,09
1103,2007-12-10,2007,4,12,2,10,2007,4,12,2,10
1104,2007-12-11,2007,4,12,2,11,2007,4,12,2,11
1105,2007-12-12,2007,4,12,2,12,2007,4,12,2,12
1106,2007-12-13,2007,4,12,2,13,2007,4,12,2,13
1107,2007-12-14,2007,4,12,2,14,2007,4,12,2,14
1108,2007-12-15,2007,4,12,3,15,2007,4,12,3,15
1109,2007-12-16,2007,4,12,3,16,2007,4,12,3,16
1110,2007-12-17,2007,4,12,3,17,2007,4,12,3,17
1111,2007-12-18,2007,4,12,3,18,2007,4,12,3,18
1112,2007-12-19,2007,4,12,3,19,2007,4,12,3,19
1113,2007-12-20,2007,4,12,3,20,2007,4,12,3,20
1114,2007-12-21,2007,4,12,3,21,2007,4,12,3,21
1115,2007-12-22,2007,4,12,4,22,2007,4,12,4,22
1116,2007-12-23,2007,4,12,4,23,2007,4,12,4,23
1117,2007-12-24,2007,4,12,4,24,2007,4,12,4,24
1118,2007-12-25,2007,4,12,4,25,2007,4,12,4,25
1119,2007-12-26,2007,4,12,4,26,2007,4,12,4,26
1120,2007-12-27,2007,4,12,4,27,2007,4,12,4,27
1121,2007-12-28,2007,4,12,4,28,2007,4,12,4,28
1122,2007-12-29,2007,4,12,5,29,2007,4,12,5,29
1123,2007-12-30,2007,4,12,5,30,2007,4,12,5,30
1124,2007-12-31,2007,4,12,5,31,2007,4,12,5,31
1125,2008-01-01,2008,1,01,1,01,2008,1,01,1,01
1126,2008-01-02,2008,1,01,1,02,2008,1,01,1,02
1127,2008-01-03,2008,1,01,1,03,2008,1,01,1,03
1128,2008-01-04,2008,1,01,1,04,2008,1,01,1,04
1129,2008-01-05,2008,1,01,1,05,2008,1,01,1,05
1130,2008-01-06,2008,1,01,1,06,2008,1,01,1,06
1131,2008-01-07,2008,1,01,1,07,2008,1,01,1,07
1132,2008-01-08,2008,1,01,2,08,2008,1,01,2,08
1133,2008-01-09,2008,1,01,2,09,2008,1,01,2,09
1134,2008-01-10,2008,1,01,2,10,2008,1,01,2,10
1135,2008-01-11,2008,1,01,2,11,2008,1,01,2,11
1136,2008-01-12,2008,1,01,2,12,2008,1,01,2,12
1137,2008-01-13,2008,1,01,2,13,2008,1,01,2,13
1138,2008-01-14,2008,1,01,2,14,2008,1,01,2,14
1139,2008-01-15,2008,1,01,3,15,2008,1,01,3,15
1140,2008-01-16,2008,1,01,3,16,2008,1,01,3,16
1141,2008-01-17,2008,1,01,3,17,2008,1,01,3,17
1142,2008-01-18,2008,1,01,3,18,2008,1,01,3,18
1143,2008-01-19,2008,1,01,3,19,2008,1,01,3,19
1144,2008-01-20,2008,1,01,3,20,2008,1,01,3,20
1145,2008-01-21,2008,1,01,3,21,2008,1,01,3,21
1146,2008-01-22,2008,1,01,4,22,2008,1,01,4,22
1147,2008-01-23,2008,1,01,4,23,2008,1,01,4,23
1148,2008-01-24,2008,1,01,4,24,2008,1,01,4,24
1149,2008-01-25,2008,1,01,4,25,2008,1,01,4,25
1150,2008-01-26,2008,1,01,4,26,2008,1,01,4,26
1151,2008-01-27,2008,1,01,4,27,2008,1,01,4,27
1152,2008-01-28,2008,1,01,4,28,2008,1,01,4,28
1153,2008-01-29,2008,1,01,5,29,2008,1,01,5,29
1154,2008-01-30,2008,1,01,5,30,2008,1,01,5,30
1155,2008-01-31,2008,1,01,5,31,2008,1,01,5,31
1156,2008-02-01,2008,1,02,1,01,2008,1,02,1,01
1157,2008-02-02,2008,1,02,1,02,2008,1,02,1,02
1158,2008-02-03,2008,1,02,1,03,2008,1,02,1,03
1159,2008-02-04,2008,1,02,1,04,2008,1,02,1,04
1160,2008-02-05,2008,1,02,1,05,2008,1,02,1,05
1161,2008-02-06,2008,1,02,1,06,2008,1,02,1,06
1162,2008-02-07,2008,1,02,1,07,2008,1,02,1,07
1163,2008-02-08,2008,1,02,2,08,2008,1,02,2,08
1164,2008-02-09,2008,1,02,2,09,2008,1,02,2,09
1165,2008-02-10,2008,1,02,2,10,2008,1,02,2,10
1166,2008-02-11,2008,1,02,2,11,2008,1,02,2,11
1167,2008-02-12,2008,1,02,2,12,2008,1,02,2,12
1168,2008-02-13,2008,1,02,2,13,2008,1,02,2,13
1169,2008-02-14,2008,1,02,2,14,2008,1,02,2,14
1170,2008-02-15,2008,1,02,3,15,2008,1,02,3,15
1171,2008-02-16,2008,1,02,3,16,2008,1,02,3,16
1172,2008-02-17,2008,1,02,3,17,2008,1,02,3,17
1173,2008-02-18,2008,1,02,3,18,2008,1,02,3,18
1174,2008-02-19,2008,1,02,3,19,2008,1,02,3,19
1175,2008-02-20,2008,1,02,3,20,2008,1,02,3,20
1176,2008-02-21,2008,1,02,3,21,2008,1,02,3,21
1177,2008-02-22,2008,1,02,4,22,2008,1,02,4,22
1178,2008-02-23,2008,1,02,4,23,2008,1,02,4,23
1179,2008-02-24,2008,1,02,4,24,2008,1,02,4,24
1180,2008-02-25,2008,1,02,4,25,2008,1,02,4,25
1181,2008-02-26,2008,1,02,4,26,2008,1,02,4,26
1182,2008-02-27,2008,1,02,4,27,2008,1,02,4,27
1183,2008-02-28,2008,1,02,4,28,2008,1,02,4,28
1184,2008-02-29,2008,1,02,5,29,2008,1,02,5,29
1185,2008-03-01,2008,1,03,1,01,2008,1,03,1,01
1186,2008-03-02,2008,1,03,1,02,2008,1,03,1,02
1187,2008-03-03,2008,1,03,1,03,2008,1,03,1,03
1188,2008-03-04,2008,1,03,1,04,2008,1,03,1,04
1189,2008-03-05,2008,1,03,1,05,2008,1,03,1,05
1190,2008-03-06,2008,1,03,1,06,2008,1,03,1,06
1191,2008-03-07,2008,1,03,1,07,2008,1,03,1,07
1192,2008-03-08,2008,1,03,2,08,2008,1,03,2,08
1193,2008-03-09,2008,1,03,2,09,2008,1,03,2,09
1194,2008-03-10,2008,1,03,2,10,2008,1,03,2,10
1195,2008-03-11,2008,1,03,2,11,2008,1,03,2,11
1196,2008-03-12,2008,1,03,2,12,2008,1,03,2,12
1197,2008-03-13,2008,1,03,2,13,2008,1,03,2,13
1198,2008-03-14,2008,1,03,2,14,2008,1,03,2,14
1199,2008-03-15,2008,1,03,3,15,2008,1,03,3,15
1200,2008-03-16,2008,1,03,3,16,2008,1,03,3,16
1201,2008-03-17,2008,1,03,3,17,2008,1,03,3,17
1202,2008-03-18,2008,1,03,3,18,2008,1,03,3,18
1203,2008-03-19,2008,1,03,3,19,2008,1,03,3,19
1204,2008-03-20,2008,1,03,3,20,2008,1,03,3,20
1205,2008-03-21,2008,1,03,3,21,2008,1,03,3,21
1206,2008-03-22,2008,1,03,4,22,2008,1,03,4,22
1207,2008-03-23,2008,1,03,4,23,2008,1,03,4,23
1208,2008-03-24,2008,1,03,4,24,2008,1,03,4,24
1209,2008-03-25,2008,1,03,4,25,2008,1,03,4,25
1210,2008-03-26,2008,1,03,4,26,2008,1,03,4,26
1211,2008-03-27,2008,1,03,4,27,2008,1,03,4,27
1212,2008-03-28,2008,1,03,4,28,2008,1,03,4,28
1213,2008-03-29,2008,1,03,5,29,2008,1,03,5,29
1214,2008-03-30,2008,1,03,5,30,2008,1,03,5,30
1215,2008-03-31,2008,1,03,5,31,2008,1,03,5,31
1216,2008-04-01,2008,2,04,1,01,2008,2,04,1,01
1217,2008-04-02,2008,2,04,1,02,2008,2,04,1,02
1218,2008-04-03,2008,2,04,1,03,2008,2,04,1,03
1219,2008-04-04,2008,2,04,1,04,2008,2,04,1,04
1220,2008-04-05,2008,2,04,1,05,2008,2,04,1,05
1221,2008-04-06,2008,2,04,1,06,2008,2,04,1,06
1222,2008-04-07,2008,2,04,1,07,2008,2,04,1,07
1223,2008-04-08,2008,2,04,2,08,2008,2,04,2,08
1224,2008-04-09,2008,2,04,2,09,2008,2,04,2,09
1225,2008-04-10,2008,2,04,2,10,2008,2,04,2,10
1226,2008-04-11,2008,2,04,2,11,2008,2,04,2,11
1227,2008-04-12,2008,2,04,2,12,2008,2,04,2,12
1228,2008-04-13,2008,2,04,2,13,2008,2,04,2,13
1229,2008-04-14,2008,2,04,2,14,2008,2,04,2,14
1230,2008-04-15,2008,2,04,3,15,2008,2,04,3,15
1231,2008-04-16,2008,2,04,3,16,2008,2,04,3,16
1232,2008-04-17,2008,2,04,3,17,2008,2,04,3,17
1233,2008-04-18,2008,2,04,3,18,2008,2,04,3,18
1234,2008-04-19,2008,2,04,3,19,2008,2,04,3,19
1235,2008-04-20,2008,2,04,3,20,2008,2,04,3,20
1236,2008-04-21,2008,2,04,3,21,2008,2,04,3,21
1237,2008-04-22,2008,2,04,4,22,2008,2,04,4,22
1238,2008-04-23,2008,2,04,4,23,2008,2,04,4,23
1239,2008-04-24,2008,2,04,4,24,2008,2,04,4,24
1240,2008-04-25,2008,2,04,4,25,2008,2,04,4,25
1241,2008-04-26,2008,2,04,4,26,2008,2,04,4,26
1242,2008-04-27,2008,2,04,4,27,2008,2,04,4,27
1243,2008-04-28,2008,2,04,4,28,2008,2,04,4,28
1244,2008-04-29,2008,2,04,5,29,2008,2,04,5,29
1245,2008-04-30,2008,2,04,5,30,2008,2,04,5,30
1246,2008-05-01,2008,2,05,1,01,2008,2,05,1,01
1247,2008-05-02,2008,2,05,1,02,2008,2,05,1,02
1248,2008-05-03,2008,2,05,1,03,2008,2,05,1,03
1249,2008-05-04,2008,2,05,1,04,2008,2,05,1,04
1250,2008-05-05,2008,2,05,1,05,2008,2,05,1,05
1251,2008-05-06,2008,2,05,1,06,2008,2,05,1,06
1252,2008-05-07,2008,2,05,1,07,2008,2,05,1,07
1253,2008-05-08,2008,2,05,2,08,2008,2,05,2,08
1254,2008-05-09,2008,2,05,2,09,2008,2,05,2,09
1255,2008-05-10,2008,2,05,2,10,2008,2,05,2,10
1256,2008-05-11,2008,2,05,2,11,2008,2,05,2,11
1257,2008-05-12,2008,2,05,2,12,2008,2,05,2,12
1258,2008-05-13,2008,2,05,2,13,2008,2,05,2,13
1259,2008-05-14,2008,2,05,2,14,2008,2,05,2,14
1260,2008-05-15,2008,2,05,3,15,2008,2,05,3,15
1261,2008-05-16,2008,2,05,3,16,2008,2,05,3,16
1262,2008-05-17,2008,2,05,3,17,2008,2,05,3,17
1263,2008-05-18,2008,2,05,3,18,2008,2,05,3,18
1264,2008-05-19,2008,2,05,3,19,2008,2,05,3,19
1265,2008-05-20,2008,2,05,3,20,2008,2,05,3,20
1266,2008-05-21,2008,2,05,3,21,2008,2,05,3,21
1267,2008-05-22,2008,2,05,4,22,2008,2,05,4,22
1268,2008-05-23,2008,2,05,4,23,2008,2,05,4,23
1269,2008-05-24,2008,2,05,4,24,2008,2,05,4,24
1270,2008-05-25,2008,2,05,4,25,2008,2,05,4,25
1271,2008-05-26,2008,2,05,4,26,2008,2,05,4,26
1272,2008-05-27,2008,2,05,4,27,2008,2,05,4,27
1273,2008-05-28,2008,2,05,4,28,2008,2,05,4,28
1274,2008-05-29,2008,2,05,5,29,2008,2,05,5,29
1275,2008-05-30,2008,2,05,5,30,2008,2,05,5,30
1276,2008-05-31,2008,2,05,5,31,2008,2,05,5,31
1277,2008-06-01,2008,2,06,1,01,2008,2,06,1,01
1278,2008-06-02,2008,2,06,1,02,2008,2,06,1,02
1279,2008-06-03,2008,2,06,1,03,2008,2,06,1,03
1280,2008-06-04,2008,2,06,1,04,2008,2,06,1,04
1281,2008-06-05,2008,2,06,1,05,2008,2,06,1,05
1282,2008-06-06,2008,2,06,1,06,2008,2,06,1,06
1283,2008-06-07,2008,2,06,1,07,2008,2,06,1,07
1284,2008-06-08,2008,2,06,2,08,2008,2,06,2,08
1285,2008-06-09,2008,2,06,2,09,2008,2,06,2,09
1286,2008-06-10,2008,2,06,2,10,2008,2,06,2,10
1287,2008-06-11,2008,2,06,2,11,2008,2,06,2,11
1288,2008-06-12,2008,2,06,2,12,2008,2,06,2,12
1289,2008-06-13,2008,2,06,2,13,2008,2,06,2,13
1290,2008-06-14,2008,2,06,2,14,2008,2,06,2,14
1291,2008-06-15,2008,2,06,3,15,2008,2,06,3,15
1292,2008-06-16,2008,2,06,3,16,2008,2,06,3,16
1293,2008-06-17,2008,2,06,3,17,2008,2,06,3,17
1294,2008-06-18,2008,2,06,3,18,2008,2,06,3,18
1295,2008-06-19,2008,2,06,3,19,2008,2,06,3,19
1296,2008-06-20,2008,2,06,3,20,2008,2,06,3,20
1297,2008-06-21,2008,2,06,3,21,2008,2,06,3,21
1298,2008-06-22,2008,2,06,4,22,2008,2,06,4,22
1299,2008-06-23,2008,2,06,4,23,2008,2,06,4,23
1300,2008-06-24,2008,2,06,4,24,2008,2,06,4,24
1301,2008-06-25,2008,2,06,4,25,2008,2,06,4,25
1302,2008-06-26,2008,2,06,4,26,2008,2,06,4,26
1303,2008-06-27,2008,2,06,4,27,2008,2,06,4,27
1304,2008-06-28,2008,2,06,4,28,2008,2,06,4,28
1305,2008-06-29,2008,2,06,5,29,2008,2,06,5,29
1306,2008-06-30,2008,2,06,5,30,2008,2,06,5,30
1307,2008-07-01,2008,3,07,1,01,2008,3,07,1,01
1308,2008-07-02,2008,3,07,1,02,2008,3,07,1,02
1309,2008-07-03,2008,3,07,1,03,2008,3,07,1,03
1310,2008-07-04,2008,3,07,1,04,2008,3,07,1,04
1311,2008-07-05,2008,3,07,1,05,2008,3,07,1,05
1312,2008-07-06,2008,3,07,1,06,2008,3,07,1,06
1313,2008-07-07,2008,3,07,1,07,2008,3,07,1,07
1314,2008-07-08,2008,3,07,2,08,2008,3,07,2,08
1315,2008-07-09,2008,3,07,2,09,2008,3,07,2,09
1316,2008-07-10,2008,3,07,2,10,2008,3,07,2,10
1317,2008-07-11,2008,3,07,2,11,2008,3,07,2,11
1318,2008-07-12,2008,3,07,2,12,2008,3,07,2,12
1319,2008-07-13,2008,3,07,2,13,2008,3,07,2,13
1320,2008-07-14,2008,3,07,2,14,2008,3,07,2,14
1321,2008-07-15,2008,3,07,3,15,2008,3,07,3,15
1322,2008-07-16,2008,3,07,3,16,2008,3,07,3,16
1323,2008-07-17,2008,3,07,3,17,2008,3,07,3,17
1324,2008-07-18,2008,3,07,3,18,2008,3,07,3,18
1325,2008-07-19,2008,3,07,3,19,2008,3,07,3,19
1326,2008-07-20,2008,3,07,3,20,2008,3,07,3,20
1327,2008-07-21,2008,3,07,3,21,2008,3,07,3,21
1328,2008-07-22,2008,3,07,4,22,2008,3,07,4,22
1329,2008-07-23,2008,3,07,4,23,2008,3,07,4,23
1330,2008-07-24,2008,3,07,4,24,2008,3,07,4,24
1331,2008-07-25,2008,3,07,4,25,2008,3,07,4,25
1332,2008-07-26,2008,3,07,4,26,2008,3,07,4,26
1333,2008-07-27,2008,3,07,4,27,2008,3,07,4,27
1334,2008-07-28,2008,3,07,4,28,2008,3,07,4,28
1335,2008-07-29,2008,3,07,5,29,2008,3,07,5,29
1336,2008-07-30,2008,3,07,5,30,2008,3,07,5,30
1337,2008-07-31,2008,3,07,5,31,2008,3,07,5,31
1338,2008-08-01,2008,3,08,1,01,2008,3,08,1,01
1339,2008-08-02,2008,3,08,1,02,2008,3,08,1,02
1340,2008-08-03,2008,3,08,1,03,2008,3,08,1,03
1341,2008-08-04,2008,3,08,1,04,2008,3,08,1,04
1342,2008-08-05,2008,3,08,1,05,2008,3,08,1,05
1343,2008-08-06,2008,3,08,1,06,2008,3,08,1,06
1344,2008-08-07,2008,3,08,1,07,2008,3,08,1,07
1345,2008-08-08,2008,3,08,2,08,2008,3,08,2,08
1346,2008-08-09,2008,3,08,2,09,2008,3,08,2,09
1347,2008-08-10,2008,3,08,2,10,2008,3,08,2,10
1348,2008-08-11,2008,3,08,2,11,2008,3,08,2,11
1349,2008-08-12,2008,3,08,2,12,2008,3,08,2,12
1350,2008-08-13,2008,3,08,2,13,2008,3,08,2,13
1351,2008-08-14,2008,3,08,2,14,2008,3,08,2,14
1352,2008-08-15,2008,3,08,3,15,2008,3,08,3,15
1353,2008-08-16,2008,3,08,3,16,2008,3,08,3,16
1354,2008-08-17,2008,3,08,3,17,2008,3,08,3,17
1355,2008-08-18,2008,3,08,3,18,2008,3,08,3,18
1356,2008-08-19,2008,3,08,3,19,2008,3,08,3,19
1357,2008-08-20,2008,3,08,3,20,2008,3,08,3,20
1358,2008-08-21,2008,3,08,3,21,2008,3,08,3,21
1359,2008-08-22,2008,3,08,4,22,2008,3,08,4,22
1360,2008-08-23,2008,3,08,4,23,2008,3,08,4,23
1361,2008-08-24,2008,3,08,4,24,2008,3,08,4,24
1362,2008-08-25,2008,3,08,4,25,2008,3,08,4,25
1363,2008-08-26,2008,3,08,4,26,2008,3,08,4,26
1364,2008-08-27,2008,3,08,4,27,2008,3,08,4,27
1365,2008-08-28,2008,3,08,4,28,2008,3,08,4,28
1366,2008-08-29,2008,3,08,5,29,2008,3,08,5,29
1367,2008-08-30,2008,3,08,5,30,2008,3,08,5,30
1368,2008-08-31,2008,3,08,5,31,2008,3,08,5,31
1369,2008-09-01,2008,3,09,1,01,2008,3,09,1,01
1370,2008-09-02,2008,3,09,1,02,2008,3,09,1,02
1371,2008-09-03,2008,3,09,1,03,2008,3,09,1,03
1372,2008-09-04,2008,3,09,1,04,2008,3,09,1,04
1373,2008-09-05,2008,3,09,1,05,2008,3,09,1,05
1374,2008-09-06,2008,3,09,1,06,2008,3,09,1,06
1375,2008-09-07,2008,3,09,1,07,2008,3,09,1,07
1376,2008-09-08,2008,3,09,2,08,2008,3,09,2,08
1377,2008-09-09,2008,3,09,2,09,2008,3,09,2,09
1378,2008-09-10,2008,3,09,2,10,2008,3,09,2,10
1379,2008-09-11,2008,3,09,2,11,2008,3,09,2,11
1380,2008-09-12,2008,3,09,2,12,2008,3,09,2,12
1381,2008-09-13,2008,3,09,2,13,2008,3,09,2,13
1382,2008-09-14,2008,3,09,2,14,2008,3,09,2,14
1383,2008-09-15,2008,3,09,3,15,2008,3,09,3,15
1384,2008-09-16,2008,3,09,3,16,2008,3,09,3,16
1385,2008-09-17,2008,3,09,3,17,2008,3,09,3,17
1386,2008-09-18,2008,3,09,3,18,2008,3,09,3,18
1387,2008-09-19,2008,3,09,3,19,2008,3,09,3,19
1388,2008-09-20,2008,3,09,3,20,2008,3,09,3,20
1389,2008-09-21,2008,3,09,3,21,2008,3,09,3,21
1390,2008-09-22,2008,3,09,4,22,2008,3,09,4,22
1391,2008-09-23,2008,3,09,4,23,2008,3,09,4,23
1392,2008-09-24,2008,3,09,4,24,2008,3,09,4,24
1393,2008-09-25,2008,3,09,4,25,2008,3,09,4,25
1394,2008-09-26,2008,3,09,4,26,2008,3,09,4,26
1395,2008-09-27,2008,3,09,4,27,2008,3,09,4,27
1396,2008-09-28,2008,3,09,4,28,2008,3,09,4,28
1397,2008-09-29,2008,3,09,5,29,2008,3,09,5,29
1398,2008-09-30,2008,3,09,5,30,2008,3,09,5,30
1399,2008-10-01,2008,4,10,1,01,2008,4,10,1,01
1400,2008-10-02,2008,4,10,1,02,2008,4,10,1,02
1401,2008-10-03,2008,4,10,1,03,2008,4,10,1,03
1402,2008-10-04,2008,4,10,1,04,2008,4,10,1,04
1403,2008-10-05,2008,4,10,1,05,2008,4,10,1,05
1404,2008-10-06,2008,4,10,1,06,2008,4,10,1,06
1405,2008-10-07,2008,4,10,1,07,2008,4,10,1,07
1406,2008-10-08,2008,4,10,2,08,2008,4,10,2,08
1407,2008-10-09,2008,4,10,2,09,2008,4,10,2,09
1408,2008-10-10,2008,4,10,2,10,2008,4,10,2,10
1409,2008-10-11,2008,4,10,2,11,2008,4,10,2,11
1410,2008-10-12,2008,4,10,2,12,2008,4,10,2,12
1411,2008-10-13,2008,4,10,2,13,2008,4,10,2,13
1412,2008-10-14,2008,4,10,2,14,2008,4,10,2,14
1413,2008-10-15,2008,4,10,3,15,2008,4,10,3,15
1414,2008-10-16,2008,4,10,3,16,2008,4,10,3,16
1415,2008-10-17,2008,4,10,3,17,2008,4,10,3,17
1416,2008-10-18,2008,4,10,3,18,2008,4,10,3,18
1417,2008-10-19,2008,4,10,3,19,2008,4,10,3,19
1418,2008-10-20,2008,4,10,3,20,2008,4,10,3,20
1419,2008-10-21,2008,4,10,3,21,2008,4,10,3,21
1420,2008-10-22,2008,4,10,4,22,2008,4,10,4,22
1421,2008-10-23,2008,4,10,4,23,2008,4,10,4,23
1422,2008-10-24,2008,4,10,4,24,2008,4,10,4,24
1423,2008-10-25,2008,4,10,4,25,2008,4,10,4,25
1424,2008-10-26,2008,4,10,4,26,2008,4,10,4,26
1425,2008-10-27,2008,4,10,4,27,2008,4,10,4,27
1426,2008-10-28,2008,4,10,4,28,2008,4,10,4,28
1427,2008-10-29,2008,4,10,5,29,2008,4,10,5,29
1428,2008-10-30,2008,4,10,5,30,2008,4,10,5,30
1429,2008-10-31,2008,4,10,5,31,2008,4,10,5,31
1430,2008-11-01,2008,4,11,1,01,2008,4,11,1,01
1431,2008-11-02,2008,4,11,1,02,2008,4,11,1,02
1432,2008-11-03,2008,4,11,1,03,2008,4,11,1,03
1433,2008-11-04,2008,4,11,1,04,2008,4,11,1,04
1434,2008-11-05,2008,4,11,1,05,2008,4,11,1,05
1435,2008-11-06,2008,4,11,1,06,2008,4,11,1,06
1436,2008-11-07,2008,4,11,1,07,2008,4,11,1,07
1437,2008-11-08,2008,4,11,2,08,2008,4,11,2,08
1438,2008-11-09,2008,4,11,2,09,2008,4,11,2,09
1439,2008-11-10,2008,4,11,2,10,2008,4,11,2,10
1440,2008-11-11,2008,4,11,2,11,2008,4,11,2,11
1441,2008-11-12,2008,4,11,2,12,2008,4,11,2,12
1442,2008-11-13,2008,4,11,2,13,2008,4,11,2,13
1443,2008-11-14,2008,4,11,2,14,2008,4,11,2,14
1444,2008-11-15,2008,4,11,3,15,2008,4,11,3,15
1445,2008-11-16,2008,4,11,3,16,2008,4,11,3,16
1446,2008-11-17,2008,4,11,3,17,2008,4,11,3,17
1447,2008-11-18,2008,4,11,3,18,2008,4,11,3,18
1448,2008-11-19,2008,4,11,3,19,2008,4,11,3,19
1449,2008-11-20,2008,4,11,3,20,2008,4,11,3,20
1450,2008-11-21,2008,4,11,3,21,2008,4,11,3,21
1451,2008-11-22,2008,4,11,4,22,2008,4,11,4,22
1452,2008-11-23,2008,4,11,4,23,2008,4,11,4,23
1453,2008-11-24,2008,4,11,4,24,2008,4,11,4,24
1454,2008-11-25,2008,4,11,4,25,2008,4,11,4,25
1455,2008-11-26,2008,4,11,4,26,2008,4,11,4,26
1456,2008-11-27,2008,4,11,4,27,2008,4,11,4,27
1457,2008-11-28,2008,4,11,4,28,2008,4,11,4,28
1458,2008-11-29,2008,4,11,5,29,2008,4,11,5,29
1459,2008-11-30,2008,4,11,5,30,2008,4,11,5,30
1460,2008-12-01,2008,4,12,1,01,2008,4,12,1,01
1461,2008-12-02,2008,4,12,1,02,2008,4,12,1,02
1462,2008-12-03,2008,4,12,1,03,2008,4,12,1,03
1463,2008-12-04,2008,4,12,1,04,2008,4,12,1,04
1464,2008-12-05,2008,4,12,1,05,2008,4,12,1,05
1465,2008-12-06,2008,4,12,1,06,2008,4,12,1,06
1466,2008-12-07,2008,4,12,1,07,2008,4,12,1,07
1467,2008-12-08,2008,4,12,2,08,2008,4,12,2,08
1468,2008-12-09,2008,4,12,2,09,2008,4,12,2,09
1469,2008-12-10,2008,4,12,2,10,2008,4,12,2,10
1470,2008-12-11,2008,4,12,2,11,2008,4,12,2,11
1471,2008-12-12,2008,4,12,2,12,2008,4,12,2,12
1472,2008-12-13,2008,4,12,2,13,2008,4,12,2,13
1473,2008-12-14,2008,4,12,2,14,2008,4,12,2,14
1474,2008-12-15,2008,4,12,3,15,2008,4,12,3,15
1475,2008-12-16,2008,4,12,3,16,2008,4,12,3,16
1476,2008-12-17,2008,4,12,3,17,2008,4,12,3,17
1477,2008-12-18,2008,4,12,3,18,2008,4,12,3,18
1478,2008-12-19,2008,4,12,3,19,2008,4,12,3,19
1479,2008-12-20,2008,4,12,3,20,2008,4,12,3,20
1480,2008-12-21,2008,4,12,3,21,2008,4,12,3,21
1481,2008-12-22,2008,4,12,4,22,2008,4,12,4,22
1482,2008-12-23,2008,4,12,4,23,2008,4,12,4,23
1483,2008-12-24,2008,4,12,4,24,2008,4,12,4,24
1484,2008-12-25,2008,4,12,4,25,2008,4,12,4,25
1485,2008-12-26,2008,4,12,4,26,2008,4,12,4,26
1486,2008-12-27,2008,4,12,4,27,2008,4,12,4,27
1487,2008-12-28,2008,4,12,4,28,2008,4,12,4,28
1488,2008-12-29,2008,4,12,5,29,2008,4,12,5,29
1489,2008-12-30,2008,4,12,5,30,2008,4,12,5,30
1490,2008-12-31,2008,4,12,5,31,2008,4,12,5,31
1491,2009-01-01,2009,1,01,1,01,2009,1,01,1,01
1492,2009-01-02,2009,1,01,1,02,2009,1,01,1,02
1493,2009-01-03,2009,1,01,1,03,2009,1,01,1,03
1494,2009-01-04,2009,1,01,1,04,2009,1,01,1,04
1495,2009-01-05,2009,1,01,1,05,2009,1,01,1,05
1496,2009-01-06,2009,1,01,1,06,2009,1,01,1,06
1497,2009-01-07,2009,1,01,1,07,2009,1,01,1,07
1498,2009-01-08,2009,1,01,2,08,2009,1,01,2,08
1499,2009-01-09,2009,1,01,2,09,2009,1,01,2,09
1500,2009-01-10,2009,1,01,2,10,2009,1,01,2,10
1501,2009-01-11,2009,1,01,2,11,2009,1,01,2,11
1502,2009-01-12,2009,1,01,2,12,2009,1,01,2,12
1503,2009-01-13,2009,1,01,2,13,2009,1,01,2,13
1504,2009-01-14,2009,1,01,2,14,2009,1,01,2,14
1505,2009-01-15,2009,1,01,3,15,2009,1,01,3,15
1506,2009-01-16,2009,1,01,3,16,2009,1,01,3,16
1507,2009-01-17,2009,1,01,3,17,2009,1,01,3,17
1508,2009-01-18,2009,1,01,3,18,2009,1,01,3,18
1509,2009-01-19,2009,1,01,3,19,2009,1,01,3,19
1510,2009-01-20,2009,1,01,3,20,2009,1,01,3,20
1511,2009-01-21,2009,1,01,3,21,2009,1,01,3,21
1512,2009-01-22,2009,1,01,4,22,2009,1,01,4,22
1513,2009-01-23,2009,1,01,4,23,2009,1,01,4,23
1514,2009-01-24,2009,1,01,4,24,2009,1,01,4,24
1515,2009-01-25,2009,1,01,4,25,2009,1,01,4,25
1516,2009-01-26,2009,1,01,4,26,2009,1,01,4,26
1517,2009-01-27,2009,1,01,4,27,2009,1,01,4,27
1518,2009-01-28,2009,1,01,4,28,2009,1,01,4,28
1519,2009-01-29,2009,1,01,5,29,2009,1,01,5,29
1520,2009-01-30,2009,1,01,5,30,2009,1,01,5,30
1521,2009-01-31,2009,1,01,5,31,2009,1,01,5,31
1522,2009-02-01,2009,1,02,1,01,2009,1,02,1,01
1523,2009-02-02,2009,1,02,1,02,2009,1,02,1,02
1524,2009-02-03,2009,1,02,1,03,2009,1,02,1,03
1525,2009-02-04,2009,1,02,1,04,2009,1,02,1,04
1526,2009-02-05,2009,1,02,1,05,2009,1,02,1,05
1527,2009-02-06,2009,1,02,1,06,2009,1,02,1,06
1528,2009-02-07,2009,1,02,1,07,2009,1,02,1,07
1529,2009-02-08,2009,1,02,2,08,2009,1,02,2,08
1530,2009-02-09,2009,1,02,2,09,2009,1,02,2,09
1531,2009-02-10,2009,1,02,2,10,2009,1,02,2,10
1532,2009-02-11,2009,1,02,2,11,2009,1,02,2,11
1533,2009-02-12,2009,1,02,2,12,2009,1,02,2,12
1534,2009-02-13,2009,1,02,2,13,2009,1,02,2,13
1535,2009-02-14,2009,1,02,2,14,2009,1,02,2,14
1536,2009-02-15,2009,1,02,3,15,2009,1,02,3,15
1537,2009-02-16,2009,1,02,3,16,2009,1,02,3,16
1538,2009-02-17,2009,1,02,3,17,2009,1,02,3,17
1539,2009-02-18,2009,1,02,3,18,2009,1,02,3,18
1540,2009-02-19,2009,1,02,3,19,2009,1,02,3,19
1541,2009-02-20,2009,1,02,3,20,2009,1,02,3,20
1542,2009-02-21,2009,1,02,3,21,2009,1,02,3,21
1543,2009-02-22,2009,1,02,4,22,2009,1,02,4,22
1544,2009-02-23,2009,1,02,4,23,2009,1,02,4,23
1545,2009-02-24,2009,1,02,4,24,2009,1,02,4,24
1546,2009-02-25,2009,1,02,4,25,2009,1,02,4,25
1547,2009-02-26,2009,1,02,4,26,2009,1,02,4,26
1548,2009-02-27,2009,1,02,4,27,2009,1,02,4,27
1549,2009-02-28,2009,1,02,4,28,2009,1,02,4,28
1550,2009-03-01,2009,1,03,1,01,2009,1,03,1,01
1551,2009-03-02,2009,1,03,1,02,2009,1,03,1,02
1552,2009-03-03,2009,1,03,1,03,2009,1,03,1,03
1553,2009-03-04,2009,1,03,1,04,2009,1,03,1,04
1554,2009-03-05,2009,1,03,1,05,2009,1,03,1,05
1555,2009-03-06,2009,1,03,1,06,2009,1,03,1,06
1556,2009-03-07,2009,1,03,1,07,2009,1,03,1,07
1557,2009-03-08,2009,1,03,2,08,2009,1,03,2,08
1558,2009-03-09,2009,1,03,2,09,2009,1,03,2,09
1559,2009-03-10,2009,1,03,2,10,2009,1,03,2,10
1560,2009-03-11,2009,1,03,2,11,2009,1,03,2,11
1561,2009-03-12,2009,1,03,2,12,2009,1,03,2,12
1562,2009-03-13,2009,1,03,2,13,2009,1,03,2,13
1563,2009-03-14,2009,1,03,2,14,2009,1,03,2,14
1564,2009-03-15,2009,1,03,3,15,2009,1,03,3,15
1565,2009-03-16,2009,1,03,3,16,2009,1,03,3,16
1566,2009-03-17,2009,1,03,3,17,2009,1,03,3,17
1567,2009-03-18,2009,1,03,3,18,2009,1,03,3,18
1568,2009-03-19,2009,1,03,3,19,2009,1,03,3,19
1569,2009-03-20,2009,1,03,3,20,2009,1,03,3,20
1570,2009-03-21,2009,1,03,3,21,2009,1,03,3,21
1571,2009-03-22,2009,1,03,4,22,2009,1,03,4,22
1572,2009-03-23,2009,1,03,4,23,2009,1,03,4,23
1573,2009-03-24,2009,1,03,4,24,2009,1,03,4,24
1574,2009-03-25,2009,1,03,4,25,2009,1,03,4,25
1575,2009-03-26,2009,1,03,4,26,2009,1,03,4,26
1576,2009-03-27,2009,1,03,4,27,2009,1,03,4,27
1577,2009-03-28,2009,1,03,4,28,2009,1,03,4,28
1578,2009-03-29,2009,1,03,5,29,2009,1,03,5,29
1579,2009-03-30,2009,1,03,5,30,2009,1,03,5,30
1580,2009-03-31,2009,1,03,5,31,2009,1,03,5,31
1581,2009-04-01,2009,2,04,1,01,2009,2,04,1,01
1582,2009-04-02,2009,2,04,1,02,2009,2,04,1,02
1583,2009-04-03,2009,2,04,1,03,2009,2,04,1,03
1584,2009-04-04,2009,2,04,1,04,2009,2,04,1,04
1585,2009-04-05,2009,2,04,1,05,2009,2,04,1,05
1586,2009-04-06,2009,2,04,1,06,2009,2,04,1,06
1587,2009-04-07,2009,2,04,1,07,2009,2,04,1,07
1588,2009-04-08,2009,2,04,2,08,2009,2,04,2,08
1589,2009-04-09,2009,2,04,2,09,2009,2,04,2,09
1590,2009-04-10,2009,2,04,2,10,2009,2,04,2,10
1591,2009-04-11,2009,2,04,2,11,2009,2,04,2,11
1592,2009-04-12,2009,2,04,2,12,2009,2,04,2,12
1593,2009-04-13,2009,2,04,2,13,2009,2,04,2,13
1594,2009-04-14,2009,2,04,2,14,2009,2,04,2,14
1595,2009-04-15,2009,2,04,3,15,2009,2,04,3,15
1596,2009-04-16,2009,2,04,3,16,2009,2,04,3,16
1597,2009-04-17,2009,2,04,3,17,2009,2,04,3,17
1598,2009-04-18,2009,2,04,3,18,2009,2,04,3,18
1599,2009-04-19,2009,2,04,3,19,2009,2,04,3,19
1600,2009-04-20,2009,2,04,3,20,2009,2,04,3,20
1601,2009-04-21,2009,2,04,3,21,2009,2,04,3,21
1602,2009-04-22,2009,2,04,4,22,2009,2,04,4,22
1603,2009-04-23,2009,2,04,4,23,2009,2,04,4,23
1604,2009-04-24,2009,2,04,4,24,2009,2,04,4,24
1605,2009-04-25,2009,2,04,4,25,2009,2,04,4,25
1606,2009-04-26,2009,2,04,4,26,2009,2,04,4,26
1607,2009-04-27,2009,2,04,4,27,2009,2,04,4,27
1608,2009-04-28,2009,2,04,4,28,2009,2,04,4,28
1609,2009-04-29,2009,2,04,5,29,2009,2,04,5,29
1610,2009-04-30,2009,2,04,5,30,2009,2,04,5,30
1611,2009-05-01,2009,2,05,1,01,2009,2,05,1,01
1612,2009-05-02,2009,2,05,1,02,2009,2,05,1,02
1613,2009-05-03,2009,2,05,1,03,2009,2,05,1,03
1614,2009-05-04,2009,2,05,1,04,2009,2,05,1,04
1615,2009-05-05,2009,2,05,1,05,2009,2,05,1,05
1616,2009-05-06,2009,2,05,1,06,2009,2,05,1,06
1617,2009-05-07,2009,2,05,1,07,2009,2,05,1,07
1618,2009-05-08,2009,2,05,2,08,2009,2,05,2,08
1619,2009-05-09,2009,2,05,2,09,2009,2,05,2,09
1620,2009-05-10,2009,2,05,2,10,2009,2,05,2,10
1621,2009-05-11,2009,2,05,2,11,2009,2,05,2,11
1622,2009-05-12,2009,2,05,2,12,2009,2,05,2,12
1623,2009-05-13,2009,2,05,2,13,2009,2,05,2,13
1624,2009-05-14,2009,2,05,2,14,2009,2,05,2,14
1625,2009-05-15,2009,2,05,3,15,2009,2,05,3,15
1626,2009-05-16,2009,2,05,3,16,2009,2,05,3,16
1627,2009-05-17,2009,2,05,3,17,2009,2,05,3,17
1628,2009-05-18,2009,2,05,3,18,2009,2,05,3,18
1629,2009-05-19,2009,2,05,3,19,2009,2,05,3,19
1630,2009-05-20,2009,2,05,3,20,2009,2,05,3,20
1631,2009-05-21,2009,2,05,3,21,2009,2,05,3,21
1632,2009-05-22,2009,2,05,4,22,2009,2,05,4,22
1633,2009-05-23,2009,2,05,4,23,2009,2,05,4,23
1634,2009-05-24,2009,2,05,4,24,2009,2,05,4,24
1635,2009-05-25,2009,2,05,4,25,2009,2,05,4,25
1636,2009-05-26,2009,2,05,4,26,2009,2,05,4,26
1637,2009-05-27,2009,2,05,4,27,2009,2,05,4,27
1638,2009-05-28,2009,2,05,4,28,2009,2,05,4,28
1639,2009-05-29,2009,2,05,5,29,2009,2,05,5,29
1640,2009-05-30,2009,2,05,5,30,2009,2,05,5,30
1641,2009-05-31,2009,2,05,5,31,2009,2,05,5,31
1642,2009-06-01,2009,2,06,1,01,2009,2,06,1,01
1643,2009-06-02,2009,2,06,1,02,2009,2,06,1,02
1644,2009-06-03,2009,2,06,1,03,2009,2,06,1,03
1645,2009-06-04,2009,2,06,1,04,2009,2,06,1,04
1646,2009-06-05,2009,2,06,1,05,2009,2,06,1,05
1647,2009-06-06,2009,2,06,1,06,2009,2,06,1,06
1648,2009-06-07,2009,2,06,1,07,2009,2,06,1,07
1649,2009-06-08,2009,2,06,2,08,2009,2,06,2,08
1650,2009-06-09,2009,2,06,2,09,2009,2,06,2,09
1651,2009-06-10,2009,2,06,2,10,2009,2,06,2,10
1652,2009-06-11,2009,2,06,2,11,2009,2,06,2,11
1653,2009-06-12,2009,2,06,2,12,2009,2,06,2,12
1654,2009-06-13,2009,2,06,2,13,2009,2,06,2,13
1655,2009-06-14,2009,2,06,2,14,2009,2,06,2,14
1656,2009-06-15,2009,2,06,3,15,2009,2,06,3,15
1657,2009-06-16,2009,2,06,3,16,2009,2,06,3,16
1658,2009-06-17,2009,2,06,3,17,2009,2,06,3,17
1659,2009-06-18,2009,2,06,3,18,2009,2,06,3,18
1660,2009-06-19,2009,2,06,3,19,2009,2,06,3,19
1661,2009-06-20,2009,2,06,3,20,2009,2,06,3,20
1662,2009-06-21,2009,2,06,3,21,2009,2,06,3,21
1663,2009-06-22,2009,2,06,4,22,2009,2,06,4,22
1664,2009-06-23,2009,2,06,4,23,2009,2,06,4,23
1665,2009-06-24,2009,2,06,4,24,2009,2,06,4,24
1666,2009-06-25,2009,2,06,4,25,2009,2,06,4,25
1667,2009-06-26,2009,2,06,4,26,2009,2,06,4,26
1668,2009-06-27,2009,2,06,4,27,2009,2,06,4,27
1669,2009-06-28,2009,2,06,4,28,2009,2,06,4,28
1670,2009-06-29,2009,2,06,5,29,2009,2,06,5,29
1671,2009-06-30,2009,2,06,5,30,2009,2,06,5,30
1672,2009-07-01,2009,3,07,1,01,2009,3,07,1,01
1673,2009-07-02,2009,3,07,1,02,2009,3,07,1,02
1674,2009-07-03,2009,3,07,1,03,2009,3,07,1,03
1675,2009-07-04,2009,3,07,1,04,2009,3,07,1,04
1676,2009-07-05,2009,3,07,1,05,2009,3,07,1,05
1677,2009-07-06,2009,3,07,1,06,2009,3,07,1,06
1678,2009-07-07,2009,3,07,1,07,2009,3,07,1,07
1679,2009-07-08,2009,3,07,2,08,2009,3,07,2,08
1680,2009-07-09,2009,3,07,2,09,2009,3,07,2,09
1681,2009-07-10,2009,3,07,2,10,2009,3,07,2,10
1682,2009-07-11,2009,3,07,2,11,2009,3,07,2,11
1683,2009-07-12,2009,3,07,2,12,2009,3,07,2,12
1684,2009-07-13,2009,3,07,2,13,2009,3,07,2,13
1685,2009-07-14,2009,3,07,2,14,2009,3,07,2,14
1686,2009-07-15,2009,3,07,3,15,2009,3,07,3,15
1687,2009-07-16,2009,3,07,3,16,2009,3,07,3,16
1688,2009-07-17,2009,3,07,3,17,2009,3,07,3,17
1689,2009-07-18,2009,3,07,3,18,2009,3,07,3,18
1690,2009-07-19,2009,3,07,3,19,2009,3,07,3,19
1691,2009-07-20,2009,3,07,3,20,2009,3,07,3,20
1692,2009-07-21,2009,3,07,3,21,2009,3,07,3,21
1693,2009-07-22,2009,3,07,4,22,2009,3,07,4,22
1694,2009-07-23,2009,3,07,4,23,2009,3,07,4,23
1695,2009-07-24,2009,3,07,4,24,2009,3,07,4,24
1696,2009-07-25,2009,3,07,4,25,2009,3,07,4,25
1697,2009-07-26,2009,3,07,4,26,2009,3,07,4,26
1698,2009-07-27,2009,3,07,4,27,2009,3,07,4,27
1699,2009-07-28,2009,3,07,4,28,2009,3,07,4,28
1700,2009-07-29,2009,3,07,5,29,2009,3,07,5,29
1701,2009-07-30,2009,3,07,5,30,2009,3,07,5,30
1702,2009-07-31,2009,3,07,5,31,2009,3,07,5,31
1703,2009-08-01,2009,3,08,1,01,2009,3,08,1,01
1704,2009-08-02,2009,3,08,1,02,2009,3,08,1,02
1705,2009-08-03,2009,3,08,1,03,2009,3,08,1,03
1706,2009-08-04,2009,3,08,1,04,2009,3,08,1,04
1707,2009-08-05,2009,3,08,1,05,2009,3,08,1,05
1708,2009-08-06,2009,3,08,1,06,2009,3,08,1,06
1709,2009-08-07,2009,3,08,1,07,2009,3,08,1,07
1710,2009-08-08,2009,3,08,2,08,2009,3,08,2,08
1711,2009-08-09,2009,3,08,2,09,2009,3,08,2,09
1712,2009-08-10,2009,3,08,2,10,2009,3,08,2,10
1713,2009-08-11,2009,3,08,2,11,2009,3,08,2,11
1714,2009-08-12,2009,3,08,2,12,2009,3,08,2,12
1715,2009-08-13,2009,3,08,2,13,2009,3,08,2,13
1716,2009-08-14,2009,3,08,2,14,2009,3,08,2,14
1717,2009-08-15,2009,3,08,3,15,2009,3,08,3,15
1718,2009-08-16,2009,3,08,3,16,2009,3,08,3,16
1719,2009-08-17,2009,3,08,3,17,2009,3,08,3,17
1720,2009-08-18,2009,3,08,3,18,2009,3,08,3,18
1721,2009-08-19,2009,3,08,3,19,2009,3,08,3,19
1722,2009-08-20,2009,3,08,3,20,2009,3,08,3,20
1723,2009-08-21,2009,3,08,3,21,2009,3,08,3,21
1724,2009-08-22,2009,3,08,4,22,2009,3,08,4,22
1725,2009-08-23,2009,3,08,4,23,2009,3,08,4,23
1726,2009-08-24,2009,3,08,4,24,2009,3,08,4,24
1727,2009-08-25,2009,3,08,4,25,2009,3,08,4,25
1728,2009-08-26,2009,3,08,4,26,2009,3,08,4,26
1729,2009-08-27,2009,3,08,4,27,2009,3,08,4,27
1730,2009-08-28,2009,3,08,4,28,2009,3,08,4,28
1731,2009-08-29,2009,3,08,5,29,2009,3,08,5,29
1732,2009-08-30,2009,3,08,5,30,2009,3,08,5,30
1733,2009-08-31,2009,3,08,5,31,2009,3,08,5,31
1734,2009-09-01,2009,3,09,1,01,2009,3,09,1,01
1735,2009-09-02,2009,3,09,1,02,2009,3,09,1,02
1736,2009-09-03,2009,3,09,1,03,2009,3,09,1,03
1737,2009-09-04,2009,3,09,1,04,2009,3,09,1,04
1738,2009-09-05,2009,3,09,1,05,2009,3,09,1,05
1739,2009-09-06,2009,3,09,1,06,2009,3,09,1,06
1740,2009-09-07,2009,3,09,1,07,2009,3,09,1,07
1741,2009-09-08,2009,3,09,2,08,2009,3,09,2,08
1742,2009-09-09,2009,3,09,2,09,2009,3,09,2,09
1743,2009-09-10,2009,3,09,2,10,2009,3,09,2,10
1744,2009-09-11,2009,3,09,2,11,2009,3,09,2,11
1745,2009-09-12,2009,3,09,2,12,2009,3,09,2,12
1746,2009-09-13,2009,3,09,2,13,2009,3,09,2,13
1747,2009-09-14,2009,3,09,2,14,2009,3,09,2,14
1748,2009-09-15,2009,3,09,3,15,2009,3,09,3,15
1749,2009-09-16,2009,3,09,3,16,2009,3,09,3,16
1750,2009-09-17,2009,3,09,3,17,2009,3,09,3,17
1751,2009-09-18,2009,3,09,3,18,2009,3,09,3,18
1752,2009-09-19,2009,3,09,3,19,2009,3,09,3,19
1753,2009-09-20,2009,3,09,3,20,2009,3,09,3,20
1754,2009-09-21,2009,3,09,3,21,2009,3,09,3,21
1755,2009-09-22,2009,3,09,4,22,2009,3,09,4,22
1756,2009-09-23,2009,3,09,4,23,2009,3,09,4,23
1757,2009-09-24,2009,3,09,4,24,2009,3,09,4,24
1758,2009-09-25,2009,3,09,4,25,2009,3,09,4,25
1759,2009-09-26,2009,3,09,4,26,2009,3,09,4,26
1760,2009-09-27,2009,3,09,4,27,2009,3,09,4,27
1761,2009-09-28,2009,3,09,4,28,2009,3,09,4,28
1762,2009-09-29,2009,3,09,5,29,2009,3,09,5,29
1763,2009-09-30,2009,3,09,5,30,2009,3,09,5,30
1764,2009-10-01,2009,4,10,1,01,2009,4,10,1,01
1765,2009-10-02,2009,4,10,1,02,2009,4,10,1,02
1766,2009-10-03,2009,4,10,1,03,2009,4,10,1,03
1767,2009-10-04,2009,4,10,1,04,2009,4,10,1,04
1768,2009-10-05,2009,4,10,1,05,2009,4,10,1,05
1769,2009-10-06,2009,4,10,1,06,2009,4,10,1,06
1770,2009-10-07,2009,4,10,1,07,2009,4,10,1,07
1771,2009-10-08,2009,4,10,2,08,2009,4,10,2,08
1772,2009-10-09,2009,4,10,2,09,2009,4,10,2,09
1773,2009-10-10,2009,4,10,2,10,2009,4,10,2,10
1774,2009-10-11,2009,4,10,2,11,2009,4,10,2,11
1775,2009-10-12,2009,4,10,2,12,2009,4,10,2,12
1776,2009-10-13,2009,4,10,2,13,2009,4,10,2,13
1777,2009-10-14,2009,4,10,2,14,2009,4,10,2,14
1778,2009-10-15,2009,4,10,3,15,2009,4,10,3,15
1779,2009-10-16,2009,4,10,3,16,2009,4,10,3,16
1780,2009-10-17,2009,4,10,3,17,2009,4,10,3,17
1781,2009-10-18,2009,4,10,3,18,2009,4,10,3,18
1782,2009-10-19,2009,4,10,3,19,2009,4,10,3,19
1783,2009-10-20,2009,4,10,3,20,2009,4,10,3,20
1784,2009-10-21,2009,4,10,3,21,2009,4,10,3,21
1785,2009-10-22,2009,4,10,4,22,2009,4,10,4,22
1786,2009-10-23,2009,4,10,4,23,2009,4,10,4,23
1787,2009-10-24,2009,4,10,4,24,2009,4,10,4,24
1788,2009-10-25,2009,4,10,4,25,2009,4,10,4,25
1789,2009-10-26,2009,4,10,4,26,2009,4,10,4,26
1790,2009-10-27,2009,4,10,4,27,2009,4,10,4,27
1791,2009-10-28,2009,4,10,4,28,2009,4,10,4,28
1792,2009-10-29,2009,4,10,5,29,2009,4,10,5,29
1793,2009-10-30,2009,4,10,5,30,2009,4,10,5,30
1794,2009-10-31,2009,4,10,5,31,2009,4,10,5,31
1795,2009-11-01,2009,4,11,1,01,2009,4,11,1,01
1796,2009-11-02,2009,4,11,1,02,2009,4,11,1,02
1797,2009-11-03,2009,4,11,1,03,2009,4,11,1,03
1798,2009-11-04,2009,4,11,1,04,2009,4,11,1,04
1799,2009-11-05,2009,4,11,1,05,2009,4,11,1,05
1800,2009-11-06,2009,4,11,1,06,2009,4,11,1,06
1801,2009-11-07,2009,4,11,1,07,2009,4,11,1,07
1802,2009-11-08,2009,4,11,2,08,2009,4,11,2,08
1803,2009-11-09,2009,4,11,2,09,2009,4,11,2,09
1804,2009-11-10,2009,4,11,2,10,2009,4,11,2,10
1805,2009-11-11,2009,4,11,2,11,2009,4,11,2,11
1806,2009-11-12,2009,4,11,2,12,2009,4,11,2,12
1807,2009-11-13,2009,4,11,2,13,2009,4,11,2,13
1808,2009-11-14,2009,4,11,2,14,2009,4,11,2,14
1809,2009-11-15,2009,4,11,3,15,2009,4,11,3,15
1810,2009-11-16,2009,4,11,3,16,2009,4,11,3,16
1811,2009-11-17,2009,4,11,3,17,2009,4,11,3,17
1812,2009-11-18,2009,4,11,3,18,2009,4,11,3,18
1813,2009-11-19,2009,4,11,3,19,2009,4,11,3,19
1814,2009-11-20,2009,4,11,3,20,2009,4,11,3,20
1815,2009-11-21,2009,4,11,3,21,2009,4,11,3,21
1816,2009-11-22,2009,4,11,4,22,2009,4,11,4,22
1817,2009-11-23,2009,4,11,4,23,2009,4,11,4,23
1818,2009-11-24,2009,4,11,4,24,2009,4,11,4,24
1819,2009-11-25,2009,4,11,4,25,2009,4,11,4,25
1820,2009-11-26,2009,4,11,4,26,2009,4,11,4,26
1821,2009-11-27,2009,4,11,4,27,2009,4,11,4,27
1822,2009-11-28,2009,4,11,4,28,2009,4,11,4,28
1823,2009-11-29,2009,4,11,5,29,2009,4,11,5,29
1824,2009-11-30,2009,4,11,5,30,2009,4,11,5,30
1825,2009-12-01,2009,4,12,1,01,2009,4,12,1,01
1826,2009-12-02,2009,4,12,1,02,2009,4,12,1,02
1827,2009-12-03,2009,4,12,1,03,2009,4,12,1,03
1828,2009-12-04,2009,4,12,1,04,2009,4,12,1,04
1829,2009-12-05,2009,4,12,1,05,2009,4,12,1,05
1830,2009-12-06,2009,4,12,1,06,2009,4,12,1,06
1831,2009-12-07,2009,4,12,1,07,2009,4,12,1,07
1832,2009-12-08,2009,4,12,2,08,2009,4,12,2,08
1833,2009-12-09,2009,4,12,2,09,2009,4,12,2,09
1834,2009-12-10,2009,4,12,2,10,2009,4,12,2,10
1835,2009-12-11,2009,4,12,2,11,2009,4,12,2,11
1836,2009-12-12,2009,4,12,2,12,2009,4,12,2,12
1837,2009-12-13,2009,4,12,2,13,2009,4,12,2,13
1838,2009-12-14,2009,4,12,2,14,2009,4,12,2,14
1839,2009-12-15,2009,4,12,3,15,2009,4,12,3,15
1840,2009-12-16,2009,4,12,3,16,2009,4,12,3,16
1841,2009-12-17,2009,4,12,3,17,2009,4,12,3,17
1842,2009-12-18,2009,4,12,3,18,2009,4,12,3,18
1843,2009-12-19,2009,4,12,3,19,2009,4,12,3,19
1844,2009-12-20,2009,4,12,3,20,2009,4,12,3,20
1845,2009-12-21,2009,4,12,3,21,2009,4,12,3,21
1846,2009-12-22,2009,4,12,4,22,2009,4,12,4,22
1847,2009-12-23,2009,4,12,4,23,2009,4,12,4,23
1848,2009-12-24,2009,4,12,4,24,2009,4,12,4,24
1849,2009-12-25,2009,4,12,4,25,2009,4,12,4,25
1850,2009-12-26,2009,4,12,4,26,2009,4,12,4,26
1851,2009-12-27,2009,4,12,4,27,2009,4,12,4,27
1852,2009-12-28,2009,4,12,4,28,2009,4,12,4,28
1853,2009-12-29,2009,4,12,5,29,2009,4,12,5,29
1854,2009-12-30,2009,4,12,5,30,2009,4,12,5,30
1855,2009-12-31,2009,4,12,5,31,2009,4,12,5,31
1856,2010-01-01,2010,1,01,1,01,2010,1,01,1,01
1857,2010-01-02,2010,1,01,1,02,2010,1,01,1,02
1858,2010-01-03,2010,1,01,1,03,2010,1,01,1,03
1859,2010-01-04,2010,1,01,1,04,2010,1,01,1,04
1860,2010-01-05,2010,1,01,1,05,2010,1,01,1,05
1861,2010-01-06,2010,1,01,1,06,2010,1,01,1,06
1862,2010-01-07,2010,1,01,1,07,2010,1,01,1,07
1863,2010-01-08,2010,1,01,2,08,2010,1,01,2,08
1864,2010-01-09,2010,1,01,2,09,2010,1,01,2,09
1865,2010-01-10,2010,1,01,2,10,2010,1,01,2,10
1866,2010-01-11,2010,1,01,2,11,2010,1,01,2,11
1867,2010-01-12,2010,1,01,2,12,2010,1,01,2,12
1868,2010-01-13,2010,1,01,2,13,2010,1,01,2,13
1869,2010-01-14,2010,1,01,2,14,2010,1,01,2,14
1870,2010-01-15,2010,1,01,3,15,2010,1,01,3,15
1871,2010-01-16,2010,1,01,3,16,2010,1,01,3,16
1872,2010-01-17,2010,1,01,3,17,2010,1,01,3,17
1873,2010-01-18,2010,1,01,3,18,2010,1,01,3,18
1874,2010-01-19,2010,1,01,3,19,2010,1,01,3,19
1875,2010-01-20,2010,1,01,3,20,2010,1,01,3,20
1876,2010-01-21,2010,1,01,3,21,2010,1,01,3,21
1877,2010-01-22,2010,1,01,4,22,2010,1,01,4,22
1878,2010-01-23,2010,1,01,4,23,2010,1,01,4,23
1879,2010-01-24,2010,1,01,4,24,2010,1,01,4,24
1880,2010-01-25,2010,1,01,4,25,2010,1,01,4,25
1881,2010-01-26,2010,1,01,4,26,2010,1,01,4,26
1882,2010-01-27,2010,1,01,4,27,2010,1,01,4,27
1883,2010-01-28,2010,1,01,4,28,2010,1,01,4,28
1884,2010-01-29,2010,1,01,5,29,2010,1,01,5,29
1885,2010-01-30,2010,1,01,5,30,2010,1,01,5,30
1886,2010-01-31,2010,1,01,5,31,2010,1,01,5,31
1887,2010-02-01,2010,1,02,1,01,2010,1,02,1,01
1888,2010-02-02,2010,1,02,1,02,2010,1,02,1,02
1889,2010-02-03,2010,1,02,1,03,2010,1,02,1,03
1890,2010-02-04,2010,1,02,1,04,2010,1,02,1,04
1891,2010-02-05,2010,1,02,1,05,2010,1,02,1,05
1892,2010-02-06,2010,1,02,1,06,2010,1,02,1,06
1893,2010-02-07,2010,1,02,1,07,2010,1,02,1,07
1894,2010-02-08,2010,1,02,2,08,2010,1,02,2,08
1895,2010-02-09,2010,1,02,2,09,2010,1,02,2,09
1896,2010-02-10,2010,1,02,2,10,2010,1,02,2,10
1897,2010-02-11,2010,1,02,2,11,2010,1,02,2,11
1898,2010-02-12,2010,1,02,2,12,2010,1,02,2,12
1899,2010-02-13,2010,1,02,2,13,2010,1,02,2,13
1900,2010-02-14,2010,1,02,2,14,2010,1,02,2,14
1901,2010-02-15,2010,1,02,3,15,2010,1,02,3,15
1902,2010-02-16,2010,1,02,3,16,2010,1,02,3,16
1903,2010-02-17,2010,1,02,3,17,2010,1,02,3,17
1904,2010-02-18,2010,1,02,3,18,2010,1,02,3,18
1905,2010-02-19,2010,1,02,3,19,2010,1,02,3,19
1906,2010-02-20,2010,1,02,3,20,2010,1,02,3,20
1907,2010-02-21,2010,1,02,3,21,2010,1,02,3,21
1908,2010-02-22,2010,1,02,4,22,2010,1,02,4,22
1909,2010-02-23,2010,1,02,4,23,2010,1,02,4,23
1910,2010-02-24,2010,1,02,4,24,2010,1,02,4,24
1911,2010-02-25,2010,1,02,4,25,2010,1,02,4,25
1912,2010-02-26,2010,1,02,4,26,2010,1,02,4,26
1913,2010-02-27,2010,1,02,4,27,2010,1,02,4,27
1914,2010-02-28,2010,1,02,4,28,2010,1,02,4,28
1915,2010-03-01,2010,1,03,1,01,2010,1,03,1,01
1916,2010-03-02,2010,1,03,1,02,2010,1,03,1,02
1917,2010-03-03,2010,1,03,1,03,2010,1,03,1,03
1918,2010-03-04,2010,1,03,1,04,2010,1,03,1,04
1919,2010-03-05,2010,1,03,1,05,2010,1,03,1,05
1920,2010-03-06,2010,1,03,1,06,2010,1,03,1,06
1921,2010-03-07,2010,1,03,1,07,2010,1,03,1,07
1922,2010-03-08,2010,1,03,2,08,2010,1,03,2,08
1923,2010-03-09,2010,1,03,2,09,2010,1,03,2,09
1924,2010-03-10,2010,1,03,2,10,2010,1,03,2,10
1925,2010-03-11,2010,1,03,2,11,2010,1,03,2,11
1926,2010-03-12,2010,1,03,2,12,2010,1,03,2,12
1927,2010-03-13,2010,1,03,2,13,2010,1,03,2,13
1928,2010-03-14,2010,1,03,2,14,2010,1,03,2,14
1929,2010-03-15,2010,1,03,3,15,2010,1,03,3,15
1930,2010-03-16,2010,1,03,3,16,2010,1,03,3,16
1931,2010-03-17,2010,1,03,3,17,2010,1,03,3,17
1932,2010-03-18,2010,1,03,3,18,2010,1,03,3,18
1933,2010-03-19,2010,1,03,3,19,2010,1,03,3,19
1934,2010-03-20,2010,1,03,3,20,2010,1,03,3,20
1935,2010-03-21,2010,1,03,3,21,2010,1,03,3,21
1936,2010-03-22,2010,1,03,4,22,2010,1,03,4,22
1937,2010-03-23,2010,1,03,4,23,2010,1,03,4,23
1938,2010-03-24,2010,1,03,4,24,2010,1,03,4,24
1939,2010-03-25,2010,1,03,4,25,2010,1,03,4,25
1940,2010-03-26,2010,1,03,4,26,2010,1,03,4,26
1941,2010-03-27,2010,1,03,4,27,2010,1,03,4,27
1942,2010-03-28,2010,1,03,4,28,2010,1,03,4,28
1943,2010-03-29,2010,1,03,5,29,2010,1,03,5,29
1944,2010-03-30,2010,1,03,5,30,2010,1,03,5,30
1945,2010-03-31,2010,1,03,5,31,2010,1,03,5,31
1946,2010-04-01,2010,2,04,1,01,2010,2,04,1,01
1947,2010-04-02,2010,2,04,1,02,2010,2,04,1,02
1948,2010-04-03,2010,2,04,1,03,2010,2,04,1,03
1949,2010-04-04,2010,2,04,1,04,2010,2,04,1,04
1950,2010-04-05,2010,2,04,1,05,2010,2,04,1,05
1951,2010-04-06,2010,2,04,1,06,2010,2,04,1,06
1952,2010-04-07,2010,2,04,1,07,2010,2,04,1,07
1953,2010-04-08,2010,2,04,2,08,2010,2,04,2,08
1954,2010-04-09,2010,2,04,2,09,2010,2,04,2,09
1955,2010-04-10,2010,2,04,2,10,2010,2,04,2,10
1956,2010-04-11,2010,2,04,2,11,2010,2,04,2,11
1957,2010-04-12,2010,2,04,2,12,2010,2,04,2,12
1958,2010-04-13,2010,2,04,2,13,2010,2,04,2,13
1959,2010-04-14,2010,2,04,2,14,2010,2,04,2,14
1960,2010-04-15,2010,2,04,3,15,2010,2,04,3,15
1961,2010-04-16,2010,2,04,3,16,2010,2,04,3,16
1962,2010-04-17,2010,2,04,3,17,2010,2,04,3,17
1963,2010-04-18,2010,2,04,3,18,2010,2,04,3,18
1964,2010-04-19,2010,2,04,3,19,2010,2,04,3,19
1965,2010-04-20,2010,2,04,3,20,2010,2,04,3,20
1966,2010-04-21,2010,2,04,3,21,2010,2,04,3,21
1967,2010-04-22,2010,2,04,4,22,2010,2,04,4,22
1968,2010-04-23,2010,2,04,4,23,2010,2,04,4,23
1969,2010-04-24,2010,2,04,4,24,2010,2,04,4,24
1970,2010-04-25,2010,2,04,4,25,2010,2,04,4,25
1971,2010-04-26,2010,2,04,4,26,2010,2,04,4,26
1972,2010-04-27,2010,2,04,4,27,2010,2,04,4,27
1973,2010-04-28,2010,2,04,4,28,2010,2,04,4,28
1974,2010-04-29,2010,2,04,5,29,2010,2,04,5,29
1975,2010-04-30,2010,2,04,5,30,2010,2,04,5,30
1976,2010-05-01,2010,2,05,1,01,2010,2,05,1,01
1977,2010-05-02,2010,2,05,1,02,2010,2,05,1,02
1978,2010-05-03,2010,2,05,1,03,2010,2,05,1,03
1979,2010-05-04,2010,2,05,1,04,2010,2,05,1,04
1980,2010-05-05,2010,2,05,1,05,2010,2,05,1,05
1981,2010-05-06,2010,2,05,1,06,2010,2,05,1,06
1982,2010-05-07,2010,2,05,1,07,2010,2,05,1,07
1983,2010-05-08,2010,2,05,2,08,2010,2,05,2,08
1984,2010-05-09,2010,2,05,2,09,2010,2,05,2,09
1985,2010-05-10,2010,2,05,2,10,2010,2,05,2,10
1986,2010-05-11,2010,2,05,2,11,2010,2,05,2,11
1987,2010-05-12,2010,2,05,2,12,2010,2,05,2,12
1988,2010-05-13,2010,2,05,2,13,2010,2,05,2,13
1989,2010-05-14,2010,2,05,2,14,2010,2,05,2,14
1990,2010-05-15,2010,2,05,3,15,2010,2,05,3,15
1991,2010-05-16,2010,2,05,3,16,2010,2,05,3,16
1992,2010-05-17,2010,2,05,3,17,2010,2,05,3,17
1993,2010-05-18,2010,2,05,3,18,2010,2,05,3,18
1994,2010-05-19,2010,2,05,3,19,2010,2,05,3,19
1995,2010-05-20,2010,2,05,3,20,2010,2,05,3,20
1996,2010-05-21,2010,2,05,3,21,2010,2,05,3,21
1997,2010-05-22,2010,2,05,4,22,2010,2,05,4,22
1998,2010-05-23,2010,2,05,4,23,2010,2,05,4,23
1999,2010-05-24,2010,2,05,4,24,2010,2,05,4,24
2000,2010-05-25,2010,2,05,4,25,2010,2,05,4,25
2001,2010-05-26,2010,2,05,4,26,2010,2,05,4,26
2002,2010-05-27,2010,2,05,4,27,2010,2,05,4,27
2003,2010-05-28,2010,2,05,4,28,2010,2,05,4,28
2004,2010-05-29,2010,2,05,5,29,2010,2,05,5,29
2005,2010-05-30,2010,2,05,5,30,2010,2,05,5,30
2006,2010-05-31,2010,2,05,5,31,2010,2,05,5,31
2007,2010-06-01,2010,2,06,1,01,2010,2,06,1,01
2008,2010-06-02,2010,2,06,1,02,2010,2,06,1,02
2009,2010-06-03,2010,2,06,1,03,2010,2,06,1,03
2010,2010-06-04,2010,2,06,1,04,2010,2,06,1,04
2011,2010-06-05,2010,2,06,1,05,2010,2,06,1,05
2012,2010-06-06,2010,2,06,1,06,2010,2,06,1,06
2013,2010-06-07,2010,2,06,1,07,2010,2,06,1,07
2014,2010-06-08,2010,2,06,2,08,2010,2,06,2,08
2015,2010-06-09,2010,2,06,2,09,2010,2,06,2,09
2016,2010-06-10,2010,2,06,2,10,2010,2,06,2,10
2017,2010-06-11,2010,2,06,2,11,2010,2,06,2,11
2018,2010-06-12,2010,2,06,2,12,2010,2,06,2,12
2019,2010-06-13,2010,2,06,2,13,2010,2,06,2,13
2020,2010-06-14,2010,2,06,2,14,2010,2,06,2,14
2021,2010-06-15,2010,2,06,3,15,2010,2,06,3,15
2022,2010-06-16,2010,2,06,3,16,2010,2,06,3,16
2023,2010-06-17,2010,2,06,3,17,2010,2,06,3,17
2024,2010-06-18,2010,2,06,3,18,2010,2,06,3,18
2025,2010-06-19,2010,2,06,3,19,2010,2,06,3,19
2026,2010-06-20,2010,2,06,3,20,2010,2,06,3,20
2027,2010-06-21,2010,2,06,3,21,2010,2,06,3,21
2028,2010-06-22,2010,2,06,4,22,2010,2,06,4,22
2029,2010-06-23,2010,2,06,4,23,2010,2,06,4,23
2030,2010-06-24,2010,2,06,4,24,2010,2,06,4,24
2031,2010-06-25,2010,2,06,4,25,2010,2,06,4,25
2032,2010-06-26,2010,2,06,4,26,2010,2,06,4,26
2033,2010-06-27,2010,2,06,4,27,2010,2,06,4,27
2034,2010-06-28,2010,2,06,4,28,2010,2,06,4,28
2035,2010-06-29,2010,2,06,5,29,2010,2,06,5,29
2036,2010-06-30,2010,2,06,5,30,2010,2,06,5,30
2037,2010-07-01,2010,3,07,1,01,2010,3,07,1,01
2038,2010-07-02,2010,3,07,1,02,2010,3,07,1,02
2039,2010-07-03,2010,3,07,1,03,2010,3,07,1,03
2040,2010-07-04,2010,3,07,1,04,2010,3,07,1,04
2041,2010-07-05,2010,3,07,1,05,2010,3,07,1,05
2042,2010-07-06,2010,3,07,1,06,2010,3,07,1,06
2043,2010-07-07,2010,3,07,1,07,2010,3,07,1,07
2044,2010-07-08,2010,3,07,2,08,2010,3,07,2,08
2045,2010-07-09,2010,3,07,2,09,2010,3,07,2,09
2046,2010-07-10,2010,3,07,2,10,2010,3,07,2,10
2047,2010-07-11,2010,3,07,2,11,2010,3,07,2,11
2048,2010-07-12,2010,3,07,2,12,2010,3,07,2,12
2049,2010-07-13,2010,3,07,2,13,2010,3,07,2,13
2050,2010-07-14,2010,3,07,2,14,2010,3,07,2,14
2051,2010-07-15,2010,3,07,3,15,2010,3,07,3,15
2052,2010-07-16,2010,3,07,3,16,2010,3,07,3,16
2053,2010-07-17,2010,3,07,3,17,2010,3,07,3,17
2054,2010-07-18,2010,3,07,3,18,2010,3,07,3,18
2055,2010-07-19,2010,3,07,3,19,2010,3,07,3,19
2056,2010-07-20,2010,3,07,3,20,2010,3,07,3,20
2057,2010-07-21,2010,3,07,3,21,2010,3,07,3,21
2058,2010-07-22,2010,3,07,4,22,2010,3,07,4,22
2059,2010-07-23,2010,3,07,4,23,2010,3,07,4,23
2060,2010-07-24,2010,3,07,4,24,2010,3,07,4,24
2061,2010-07-25,2010,3,07,4,25,2010,3,07,4,25
2062,2010-07-26,2010,3,07,4,26,2010,3,07,4,26
2063,2010-07-27,2010,3,07,4,27,2010,3,07,4,27
2064,2010-07-28,2010,3,07,4,28,2010,3,07,4,28
2065,2010-07-29,2010,3,07,5,29,2010,3,07,5,29
2066,2010-07-30,2010,3,07,5,30,2010,3,07,5,30
2067,2010-07-31,2010,3,07,5,31,2010,3,07,5,31
2068,2010-08-01,2010,3,08,1,01,2010,3,08,1,01
2069,2010-08-02,2010,3,08,1,02,2010,3,08,1,02
2070,2010-08-03,2010,3,08,1,03,2010,3,08,1,03
2071,2010-08-04,2010,3,08,1,04,2010,3,08,1,04
2072,2010-08-05,2010,3,08,1,05,2010,3,08,1,05
2073,2010-08-06,2010,3,08,1,06,2010,3,08,1,06
2074,2010-08-07,2010,3,08,1,07,2010,3,08,1,07
2075,2010-08-08,2010,3,08,2,08,2010,3,08,2,08
2076,2010-08-09,2010,3,08,2,09,2010,3,08,2,09
2077,2010-08-10,2010,3,08,2,10,2010,3,08,2,10
2078,2010-08-11,2010,3,08,2,11,2010,3,08,2,11
2079,2010-08-12,2010,3,08,2,12,2010,3,08,2,12
2080,2010-08-13,2010,3,08,2,13,2010,3,08,2,13
2081,2010-08-14,2010,3,08,2,14,2010,3,08,2,14
2082,2010-08-15,2010,3,08,3,15,2010,3,08,3,15
2083,2010-08-16,2010,3,08,3,16,2010,3,08,3,16
2084,2010-08-17,2010,3,08,3,17,2010,3,08,3,17
2085,2010-08-18,2010,3,08,3,18,2010,3,08,3,18
2086,2010-08-19,2010,3,08,3,19,2010,3,08,3,19
2087,2010-08-20,2010,3,08,3,20,2010,3,08,3,20
2088,2010-08-21,2010,3,08,3,21,2010,3,08,3,21
2089,2010-08-22,2010,3,08,4,22,2010,3,08,4,22
2090,2010-08-23,2010,3,08,4,23,2010,3,08,4,23
2091,2010-08-24,2010,3,08,4,24,2010,3,08,4,24
2092,2010-08-25,2010,3,08,4,25,2010,3,08,4,25
2093,2010-08-26,2010,3,08,4,26,2010,3,08,4,26
2094,2010-08-27,2010,3,08,4,27,2010,3,08,4,27
2095,2010-08-28,2010,3,08,4,28,2010,3,08,4,28
2096,2010-08-29,2010,3,08,5,29,2010,3,08,5,29
2097,2010-08-30,2010,3,08,5,30,2010,3,08,5,30
2098,2010-08-31,2010,3,08,5,31,2010,3,08,5,31
2099,2010-09-01,2010,3,09,1,01,2010,3,09,1,01
2100,2010-09-02,2010,3,09,1,02,2010,3,09,1,02
2101,2010-09-03,2010,3,09,1,03,2010,3,09,1,03
2102,2010-09-04,2010,3,09,1,04,2010,3,09,1,04
2103,2010-09-05,2010,3,09,1,05,2010,3,09,1,05
2104,2010-09-06,2010,3,09,1,06,2010,3,09,1,06
2105,2010-09-07,2010,3,09,1,07,2010,3,09,1,07
2106,2010-09-08,2010,3,09,2,08,2010,3,09,2,08
2107,2010-09-09,2010,3,09,2,09,2010,3,09,2,09
2108,2010-09-10,2010,3,09,2,10,2010,3,09,2,10
2109,2010-09-11,2010,3,09,2,11,2010,3,09,2,11
2110,2010-09-12,2010,3,09,2,12,2010,3,09,2,12
2111,2010-09-13,2010,3,09,2,13,2010,3,09,2,13
2112,2010-09-14,2010,3,09,2,14,2010,3,09,2,14
2113,2010-09-15,2010,3,09,3,15,2010,3,09,3,15
2114,2010-09-16,2010,3,09,3,16,2010,3,09,3,16
2115,2010-09-17,2010,3,09,3,17,2010,3,09,3,17
2116,2010-09-18,2010,3,09,3,18,2010,3,09,3,18
2117,2010-09-19,2010,3,09,3,19,2010,3,09,3,19
2118,2010-09-20,2010,3,09,3,20,2010,3,09,3,20
2119,2010-09-21,2010,3,09,3,21,2010,3,09,3,21
2120,2010-09-22,2010,3,09,4,22,2010,3,09,4,22
2121,2010-09-23,2010,3,09,4,23,2010,3,09,4,23
2122,2010-09-24,2010,3,09,4,24,2010,3,09,4,24
2123,2010-09-25,2010,3,09,4,25,2010,3,09,4,25
2124,2010-09-26,2010,3,09,4,26,2010,3,09,4,26
2125,2010-09-27,2010,3,09,4,27,2010,3,09,4,27
2126,2010-09-28,2010,3,09,4,28,2010,3,09,4,28
2127,2010-09-29,2010,3,09,5,29,2010,3,09,5,29
2128,2010-09-30,2010,3,09,5,30,2010,3,09,5,30
2129,2010-10-01,2010,4,10,1,01,2010,4,10,1,01
2130,2010-10-02,2010,4,10,1,02,2010,4,10,1,02
2131,2010-10-03,2010,4,10,1,03,2010,4,10,1,03
2132,2010-10-04,2010,4,10,1,04,2010,4,10,1,04
2133,2010-10-05,2010,4,10,1,05,2010,4,10,1,05
2134,2010-10-06,2010,4,10,1,06,2010,4,10,1,06
2135,2010-10-07,2010,4,10,1,07,2010,4,10,1,07
2136,2010-10-08,2010,4,10,2,08,2010,4,10,2,08
2137,2010-10-09,2010,4,10,2,09,2010,4,10,2,09
2138,2010-10-10,2010,4,10,2,10,2010,4,10,2,10
2139,2010-10-11,2010,4,10,2,11,2010,4,10,2,11
2140,2010-10-12,2010,4,10,2,12,2010,4,10,2,12
2141,2010-10-13,2010,4,10,2,13,2010,4,10,2,13
2142,2010-10-14,2010,4,10,2,14,2010,4,10,2,14
2143,2010-10-15,2010,4,10,3,15,2010,4,10,3,15
2144,2010-10-16,2010,4,10,3,16,2010,4,10,3,16
2145,2010-10-17,2010,4,10,3,17,2010,4,10,3,17
2146,2010-10-18,2010,4,10,3,18,2010,4,10,3,18
2147,2010-10-19,2010,4,10,3,19,2010,4,10,3,19
2148,2010-10-20,2010,4,10,3,20,2010,4,10,3,20
2149,2010-10-21,2010,4,10,3,21,2010,4,10,3,21
2150,2010-10-22,2010,4,10,4,22,2010,4,10,4,22
2151,2010-10-23,2010,4,10,4,23,2010,4,10,4,23
2152,2010-10-24,2010,4,10,4,24,2010,4,10,4,24
2153,2010-10-25,2010,4,10,4,25,2010,4,10,4,25
2154,2010-10-26,2010,4,10,4,26,2010,4,10,4,26
2155,2010-10-27,2010,4,10,4,27,2010,4,10,4,27
2156,2010-10-28,2010,4,10,4,28,2010,4,10,4,28
2157,2010-10-29,2010,4,10,5,29,2010,4,10,5,29
2158,,,,,,,,,,,
